"County","Aquifer.Group","Water.Level","Alkalinity","Aluminum","Arsenic","Chloride","Lead","pH","Basin.Name"
"Aitkin","surficial Quaternary",55,137000,0.059,1.81,490,0.17,7.1,"Upper Mississippi River"
"Aitkin","buried Quaternary",30,214000,2.38,0.059,89250,0.18,7.6,"Upper Mississippi River"
"Aitkin","buried Quaternary",20,120000,0.41,1.44,300,0.52,6.9,"Upper Mississippi River"
"Aitkin","buried Quaternary",3,283000,158.19,6.34,780,1.15,8.2,"Upper Mississippi River"
"Aitkin","buried Quaternary",0,236000,0.059,10.17,5090,0.02,7.9,"Upper Mississippi River"
"Aitkin","buried Quaternary",30,229000,0.059,6.9,2590,0.12,7.8,"Upper Mississippi River"
"Aitkin","buried Quaternary",15,285000,0.63,3.65,770,0.34,8.2,"Upper Mississippi River"
"Aitkin","buried Quaternary",10,200000,0.059,9.11,750,0.26,7.8,"Upper Mississippi River"
"Aitkin","buried Quaternary",20,71000,0.059,0.61,1700,0.1,7,"Upper Mississippi River"
"Aitkin","surficial Quaternary",25,128000,1.86,18.76,650,0.16,8.3,"Upper Mississippi River"
"Aitkin","buried Quaternary",26,132000,0.8,3.27,520,0.92,8.5,"St. Croix River"
"Aitkin","buried Quaternary",16,331000,807.07,3.37,22480,0.87,7.4,"Upper Mississippi River"
"Aitkin","Precambrian",26,110000,67.17,1.96,500,10.56,8.3,"St. Croix River"
"Anoka","surficial Quaternary",21,153000,5.12,1.49,20180,0.04,7.52,"St. Croix River"
"Anoka","buried Quaternary",35,127000,2.71,2.55,8490,0.03,8.07,"Upper Mississippi River"
"Anoka","Cambrian",22,267000,2.44,0.57,2620,0.07,7.71,"Upper Mississippi River"
"Anoka","Cambrian",30,254000,3.65,0.37,1200,0.23,7.34,"Upper Mississippi River"
"Anoka","buried Quaternary",10,281000,9.31,1.89,1670,1.56,7.55,"Upper Mississippi River"
"Anoka","Cambrian",25,181000,2.45,0.12,1460,51.86,7.5,"Upper Mississippi River"
"Anoka","Cambrian",30,231000,0.43,14.06,11660,0.21,7.47,"Upper Mississippi River"
"Anoka","Cambrian",51,242000,0.61,0.85,36140,0.15,7.32,"Upper Mississippi River"
"Anoka","Cambrian",14,126000,1.09,0.72,530,0.11,7.03,"Upper Mississippi River"
"Anoka","surficial Quaternary",50,166000,4.91,1.75,2140,0.13,7.11,"Upper Mississippi River"
"Anoka","Cambrian",20,181000,2.03,4.05,1500,0.19,7.42,"Upper Mississippi River"
"Anoka","buried Quaternary",0,126000,2.44,2.29,10620,0.29,7.63,"Upper Mississippi River"
"Anoka","Cambrian",37,229000,1.51,0.17,1030,0.06,7.57,"Upper Mississippi River"
"Becker","buried Quaternary",0,310000,1.12,16.19,1680,0.26,7.4,"Red River"
"Becker","buried Quaternary",14,237000,0.95,0.08,1490,0.02,7.2,"Upper Mississippi River"
"Becker","buried Quaternary",86,282000,0.97,6.28,1020,0.05,7.1,"Red River"
"Becker","buried Quaternary",60,283000,0.88,0.52,990,0.43,7.1,"Red River"
"Becker","buried Quaternary",25,279000,3.04,1.4,1770,0.45,7.3,"Upper Mississippi River"
"Becker","buried Quaternary",19,335000,2,4.58,630,0.72,7,"Upper Mississippi River"
"Becker","buried Quaternary",8,394000,52.73,8.17,6170,2.26,6.6,"Red River"
"Becker","buried Quaternary",52,358000,0.88,0.059,1730,0.16,7,"Red River"
"Becker","buried Quaternary",5,328000,2.05,0.059,690,0.05,7.2,"Red River"
"Becker","surficial Quaternary",8,227000,1.12,7.05,4670,0.08,6.9,"Upper Mississippi River"
"Becker","surficial Quaternary",26,251000,1.3,2.39,9990,1,7.5,"Red River"
"Becker","buried Quaternary",20,372000,1.07,10.87,6810,0.11,7.4,"Red River"
"Becker","surficial Quaternary",3,415000,1.55,0.19,1610,0.08,7.1,"Red River"
"Becker","buried Quaternary",40,399000,2.49,0.26,2290,12.58,6.9,"Red River"
"Becker","surficial Quaternary",40,315000,1.07,5.01,4200,0.13,7.3,"Red River"
"Becker","buried Quaternary",20,264000,26.96,1.35,3600,5.13,7.1,"Red River"
"Beltrami","buried Quaternary",12,476000,610.61,12.75,960,1.09,7,"Red River"
"Beltrami","buried Quaternary",4,441000,1.71,0.059,620,0.19,7.1,"Red River"
"Beltrami","buried Quaternary",24,395000,4.08,17.4,9130,0.03,7.2,"Red River"
"Beltrami","buried Quaternary",20,242000,0.28,0.059,510,0.02,7.3,"Red River"
"Beltrami","surficial Quaternary",35,337000,0.74,0.059,920,0.03,7.1,"Red River"
"Beltrami","buried Quaternary",35,413000,52.91,26.75,2320,1.36,7.4,"Red River"
"Beltrami","buried Quaternary",25,409000,0.78,10.72,2170,0.49,7.3,"Red River"
"Beltrami","surficial Quaternary",28,388000,0.47,5.32,440,0.02,7,"Red River"
"Beltrami","buried Quaternary",66,371000,0.42,2.17,340,0.02,7.3,"Red River"
"Beltrami","buried Quaternary",58,409000,0.45,31.07,790,0.06,7.3,"Red River"
"Beltrami","buried Quaternary",33,357000,5.83,0.7,480,0.16,7.1,"Red River"
"Beltrami","buried Quaternary",25,192000,0.28,0.45,370,0.14,7.4,"Upper Mississippi River"
"Beltrami","buried Quaternary",62,232000,0.69,5.06,580,0.2,6.9,"Upper Mississippi River"
"Beltrami","buried Quaternary",54,256000,0.51,2.4,380,0.13,7.6,"Upper Mississippi River"
"Beltrami","buried Quaternary",14,340000,0.4,0.71,420,0.06,7.2,"Upper Mississippi River"
"Beltrami","buried Quaternary",15,373000,2.67,1.87,280,0.71,6.9,"Upper Mississippi River"
"Beltrami","surficial Quaternary",5,222000,0.8,11.59,480,0.04,7.3,"Upper Mississippi River"
"Beltrami","surficial Quaternary",5,278000,0.5,2.08,930,0.07,7.1,"Upper Mississippi River"
"Benton","buried Quaternary",20,292000,0.059,1.8,13960,0.56,7.4,"Upper Mississippi River"
"Benton","Precambrian",8,246000,0.059,0.26,2320,0.43,7.64,"Upper Mississippi River"
"Benton","buried Quaternary",12,317000,0.059,2.29,2500,0.43,7.6,"Upper Mississippi River"
"Benton","buried Quaternary",26,252000,0.059,0.09,2710,0.12,7.49,"Upper Mississippi River"
"Benton","surficial Quaternary",4,62000,0.059,0.059,9220,1.42,6.29,"Upper Mississippi River"
"Benton","buried Quaternary",12,162000,0.059,0.32,27460,1.02,7.32,"Upper Mississippi River"
"Benton","buried Quaternary",8,147000,0.059,2.05,53040,2.27,7.3,"Upper Mississippi River"
"Benton","buried Quaternary",6,182000,0.059,1,3410,0.28,7.7,"Upper Mississippi River"
"Benton","Precambrian",9,212000,0.059,3.69,1740,0.23,7.77,"Upper Mississippi River"
"Big Stone","buried Quaternary",100,383000,0.33,33.81,179860,2.09,7.35,"Minnesota River"
"Big Stone","buried Quaternary",62,363000,1.77,0.16,24090,0.04,7.82,"Minnesota River"
"Big Stone","Cretaceous",117,509000,0.77,1.66,153340,2.14,7.72,"Minnesota River"
"Big Stone","surficial Quaternary",25,267000,0.059,2.19,6400,0.24,7,"Minnesota River"
"Big Stone","buried Quaternary",28,412000,0.09,1.4,4550,0.02,6.88,"Minnesota River"
"Blue Earth","buried Quaternary",98,377000,0.37,31.65,890,0.64,7.23,"Minnesota River"
"Blue Earth","Cambrian",45,326000,0.73,0.61,1390,0.02,6.95,"Minnesota River"
"Blue Earth","Ordovician",90,356000,0.13,2.34,720,0.02,7,"Minnesota River"
"Blue Earth","Cretaceous",142,443000,0.92,4.48,1700,0.02,6.97,"Minnesota River"
"Blue Earth","Cambrian",75,304000,0.059,5.12,760,0.02,7.16,"Minnesota River"
"Blue Earth","buried Quaternary",138,435000,0.059,12.59,1190,0.03,7,"Minnesota River"
"Blue Earth","buried Quaternary",50,307000,0.13,16.62,2600,0.06,7.16,"Minnesota River"
"Blue Earth","buried Quaternary",64,447000,0.81,4.82,100,0.12,6.9,"Minnesota River"
"Blue Earth","buried Quaternary",54,482000,0.73,2.14,1380,0.04,7.18,"Minnesota River"
"Blue Earth","Cambrian",135,395000,0.059,2.48,1100,0.02,7.15,"Minnesota River"
"Blue Earth","Ordovician",160,402000,1.34,12.31,1040,4.93,7.02,"Minnesota River"
"Blue Earth","Cambrian",83,289000,0.31,3.42,630,0.02,6.98,"Minnesota River"
"Blue Earth","Cambrian",45,270000,0.25,1.08,370,0.06,6.98,"Minnesota River"
"Blue Earth","Ordovician",40,373000,0.06,1.08,1250,0.02,6.93,"Minnesota River"
"Blue Earth","buried Quaternary",46,260000,0.58,11.79,680,0.22,6.85,"Minnesota River"
"Blue Earth","Ordovician",10,398000,0.53,3.21,430,0.15,6.92,"Minnesota River"
"Blue Earth","Cambrian",53,373000,0.059,17.78,1440,2.41,6.96,"Minnesota River"
"Blue Earth","buried Quaternary",60,409000,0.24,17.59,860,0.22,7.13,"Minnesota River"
"Brown","buried Quaternary",170,462000,1.03,1.1,2230,0.4,7.11,"Minnesota River"
"Brown","Cretaceous",45,436000,3.65,0.4,690,0.09,6.93,"Minnesota River"
"Brown","buried Quaternary",90,375000,29.27,0.059,290,1.51,6.91,"Minnesota River"
"Brown","buried Quaternary",41,407000,7.83,1.34,3750,0.56,7.03,"Minnesota River"
"Brown","Cretaceous",29,383000,36.27,0.059,3720,1.6,6.98,"Minnesota River"
"Brown","buried Quaternary",28,470000,3.04,0.28,580,0.12,6.89,"Minnesota River"
"Brown","buried Quaternary",78,448000,1.73,12.43,430,0.15,6.96,"Minnesota River"
"Brown","buried Quaternary",52,439000,0.45,0.99,1000,0.04,7.02,"Minnesota River"
"Carlton","surficial Quaternary",54,102000,3.34,2.15,510,1.77,8.4,"Lake Superior"
"Carlton","buried Quaternary",18,394000,2.57,1.98,4020,0.12,7.8,"St. Croix River"
"Carlton","Precambrian",15,110000,8.97,7.16,1070,2.04,8.2,"St. Croix River"
"Carlton","buried Quaternary",40,104000,2.79,5.26,1610,0.12,8.5,"Lake Superior"
"Carlton","buried Quaternary",8,134000,11.53,20.38,820,1.03,8.2,"St. Croix River"
"Carlton","buried Quaternary",50,166000,0.72,2.53,430,0.14,7.8,"Lake Superior"
"Carlton","Precambrian",44,240000,5.57,0.99,860,0.9,7.6,"St. Croix River"
"Carlton","Precambrian",98,180000,6.03,1.57,820,1.26,7.8,"St. Croix River"
"Carlton","Precambrian",51,167000,2330.23,1.92,1180,8.69,8.1,"St. Croix River"
"Carlton","Precambrian",14,223000,173.66,1.14,1020,15.42,7.5,"St. Croix River"
"Carlton","Cambrian",71,139000,0.059,1.18,36070,0.07,8.1,"St. Croix River"
"Carlton","Precambrian",39,127000,6.95,2.69,490,0.45,8.19,"Lake Superior"
"Carlton","buried Quaternary",72,145000,2.62,2,440,0.1,8.4,"St. Croix River"
"Carlton","buried Quaternary",94,201000,2.79,3.35,1020,0.26,8.4,"St. Croix River"
"Carver","Cambrian",160,281000,0.059,0.41,820,0.53,7.32,"Minnesota River"
"Carver","buried Quaternary",92,357000,0.059,1.3,900,0.59,7.24,"Upper Mississippi River"
"Carver","Cambrian",90,400000,0.72,11.18,570,0.07,7.34,"Minnesota River"
"Carver","Cambrian",103,416000,0.059,3.77,740,0.23,7.26,"Minnesota River"
"Carver","buried Quaternary",95,415000,3.9,7.28,450,0.23,7.25,"Minnesota River"
"Carver","Cambrian",150,432000,0.17,2.83,1060,0.71,7.37,"Minnesota River"
"Carver","Cambrian",135,405000,6.27,1.05,1650,1.74,7.01,"Minnesota River"
"Carver","Precambrian",120,390000,0.059,2.76,2120,0.25,7.22,"Minnesota River"
"Carver","buried Quaternary",190,428000,0.059,0.82,11560,0.07,7.22,"Minnesota River"
"Carver","Cambrian",215,393000,0.059,4.43,1020,0.23,7.29,"Minnesota River"
"Cass","buried Quaternary",10,350000,0.059,0.19,4440,0.07,7.5,"Upper Mississippi River"
"Cass","buried Quaternary",34,398000,1.08,4.63,560,7.65,7.3,"Upper Mississippi River"
"Cass","buried Quaternary",28,215000,0.24,0.15,590,0.08,7.4,"Upper Mississippi River"
"Cass","buried Quaternary",60,263000,0.059,0.68,690,0.19,7.4,"Upper Mississippi River"
"Cass","buried Quaternary",10,281000,0.53,0.69,2950,0.16,7.1,"Upper Mississippi River"
"Cass","buried Quaternary",18,283000,1.34,2.66,680,0.51,7.9,"Upper Mississippi River"
"Cass","buried Quaternary",36,281000,0.49,0.48,1850,0.03,7,"Upper Mississippi River"
"Cass","surficial Quaternary",44,332000,1.17,2.34,1310,0.19,6.9,"Upper Mississippi River"
"Cass","surficial Quaternary",29,289000,0.61,0.14,97250,0.2,7.3,"Upper Mississippi River"
"Cass","buried Quaternary",40,270000,0.6,0.47,510,0.13,7.3,"Upper Mississippi River"
"Cass","buried Quaternary",6,154000,0.84,0.54,980,0.08,7.7,"Upper Mississippi River"
"Cass","buried Quaternary",19,139000,0.5,0.6,1000,0.06,7.8,"Upper Mississippi River"
"Cass","surficial Quaternary",11,268000,0.55,1.48,5810,0.22,7.1,"Upper Mississippi River"
"Cass","buried Quaternary",32,243000,0.93,0.059,10720,0.13,7.2,"Upper Mississippi River"
"Cass","buried Quaternary",16,235000,0.46,3.54,500,0.17,7.4,"Upper Mississippi River"
"Cass","surficial Quaternary",58,296000,0.09,0.059,490,0.12,7.1,"Upper Mississippi River"
"Cass","buried Quaternary",4,215000,2.34,1.46,1060,0.63,7.8,"Upper Mississippi River"
"Cass","surficial Quaternary",21,175000,3.24,1.39,1590,0.18,7.44,"Upper Mississippi River"
"Cass","surficial Quaternary",16,199000,1.17,1.03,5300,0.27,8.08,"Upper Mississippi River"
"Cass","buried Quaternary",9,87000,3.12,0.22,7050,0.13,8.2,"Upper Mississippi River"
"Cass","buried Quaternary",18,134000,2.68,1.21,5250,0.18,7.68,"Upper Mississippi River"
"Cass","surficial Quaternary",25,232000,0.059,2.36,11210,0.44,7.5,"Upper Mississippi River"
"Cass","surficial Quaternary",35,132000,2.76,0.56,780,0.57,7.4,"Upper Mississippi River"
"Cass","buried Quaternary",15,157000,1.25,1.01,430,0.2,7.8,"Upper Mississippi River"
"Cass","buried Quaternary",17,85000,0.88,1.96,410,0.47,8.1,"Upper Mississippi River"
"Cass","surficial Quaternary",24,85000,1.53,0.17,3780,1.82,7.16,"Upper Mississippi River"
"Cass","buried Quaternary",35,226000,0.72,9.99,760,0.12,7.9,"Upper Mississippi River"
"Cass","buried Quaternary",40,145000,1.16,1.59,530,0.07,7.69,"Upper Mississippi River"
"Cass","buried Quaternary",6,179000,8.78,2.15,1420,0.05,6.59,"Upper Mississippi River"
"Chippewa","buried Quaternary",30,395000,0.44,37.51,4830,0.09,8.1,"Minnesota River"
"Chippewa","buried Quaternary",45,490000,1.76,4.25,980,0.6,7.4,"Minnesota River"
"Chisago","Cambrian",51,198000,1.32,0.059,4330,0.14,7.2,"St. Croix River"
"Chisago","buried Quaternary",30,262000,1.29,3.18,22570,0.1,7.4,"St. Croix River"
"Chisago","buried Quaternary",17,311000,3.97,0.67,32080,4.4,7,"St. Croix River"
"Chisago","buried Quaternary",30,181000,3.12,0.51,780,0.3,7.9,"St. Croix River"
"Chisago","buried Quaternary",36,62000,1.64,2.61,9520,0.08,8.1,"St. Croix River"
"Chisago","Cambrian",16,143000,0.53,0.18,320,0.2,7.3,"St. Croix River"
"Chisago","Cambrian",130,244000,104.55,1.44,2060,0.3,7.2,"St. Croix River"
"Chisago","Cambrian",148,191000,23.9,0.35,2280,2.7,7.3,"St. Croix River"
"Chisago","Cambrian",120,203000,0.83,0.059,3750,0.46,7.4,"St. Croix River"
"Chisago","buried Quaternary",21,201000,1.15,0.84,11320,0.05,7.4,"St. Croix River"
"Clay","buried Quaternary",15,267000,2.64,10.47,48870,3.19,7.96,"Red River"
"Clay","surficial Quaternary",18,309000,0.059,1.64,3940,0.02,7.3,"Red River"
"Clay","buried Quaternary",34,327000,0.1,25.18,2760,0.1,7.24,"Red River"
"Clay","buried Quaternary",30,473000,0.15,32.64,10650,0.17,7.2,"Red River"
"Clay","buried Quaternary",30,303000,0.059,48.82,800,0.07,7.2,"Red River"
"Clay","buried Quaternary",29,333000,0.11,39.12,7290,0.2,7.34,"Red River"
"Clay","buried Quaternary",75,321000,0.059,3.28,1330,0.13,7.3,"Red River"
"Clay","buried Quaternary",15,315000,0.059,5.04,16630,0.08,7.6,"Red River"
"Clay","buried Quaternary",13,436000,11.05,0.059,4790,0.88,7.37,"Red River"
"Clay","buried Quaternary",12,351000,2.48,14.85,23080,0.59,7.58,"Red River"
"Clearwater","buried Quaternary",2,282000,0.059,10.64,640,0.16,7.4,"Red River"
"Clearwater","buried Quaternary",32,238000,1.45,0.54,1220,0.13,7.2,"Upper Mississippi River"
"Clearwater","buried Quaternary",21,291000,1.42,2.12,1540,0.14,7.73,"Red River"
"Clearwater","buried Quaternary",44,395000,0.059,0.32,3290,0.22,7,"Red River"
"Clearwater","buried Quaternary",11,344000,0.059,4.59,290,0.02,7.2,"Upper Mississippi River"
"Clearwater","buried Quaternary",25,229000,0.059,0.75,620,0.18,7.3,"Upper Mississippi River"
"Clearwater","buried Quaternary",30,233000,1.08,3.35,2720,0.58,7.3,"Upper Mississippi River"
"Cook","Precambrian",9,66000,6.78,1.06,360,0.5,9,"Lake Superior"
"Cook","Precambrian",8,217000,37.06,0.98,14300,0.06,7.8,"Lake Superior"
"Cook","Precambrian",18,54000,3.99,0.59,2720,0.48,6.3,"Lake Superior"
"Cook","surficial Quaternary",3,31000,6.42,0.17,2530,0.46,6.1,"Lake Superior"
"Cook","Precambrian",2,109000,4.47,0.059,470,0.23,7.2,"Lake Superior"
"Cook","Precambrian",18,75000,1.13,0.13,830,0.38,7,"Lake Superior"
"Cook","Precambrian",3,90000,189.62,0.29,280,0.3,7.18,"Lake Superior"
"Cook","Precambrian",0,76000,35.97,0.059,8110,0.49,7.8,"Lake Superior"
"Cottonwood","buried Quaternary",53,329000,3.94,0.059,1590,0.25,7.07,"Minnesota River"
"Cottonwood","buried Quaternary",80,230000,2.82,15.38,2650,0.1,7.2,"Minnesota River"
"Cottonwood","buried Quaternary",12,296000,0.059,19.27,520,0.11,6.69,"Minnesota River"
"Cottonwood","buried Quaternary",30,369000,0.059,4.4,2750,2.54,7.04,"Minnesota River"
"Cottonwood","Cretaceous",240,356000,0.059,0.74,4850,0.88,7.12,"Des Moines River"
"Cottonwood","buried Quaternary",30,386000,0.07,0.059,47270,0.02,7.17,"Des Moines River"
"Cottonwood","buried Quaternary",67,380000,11.73,0.69,2100,0.8,6.94,"Minnesota River"
"Cottonwood","surficial Quaternary",0,260000,0.059,2.02,8120,0.06,6.91,"Des Moines River"
"Crow Wing","buried Quaternary",16,121000,0.58,0.63,450,0.02,7.6,"Upper Mississippi River"
"Crow Wing","buried Quaternary",25,202000,0.059,11.59,980,0.19,7.1,"Upper Mississippi River"
"Crow Wing","buried Quaternary",50,148000,65.44,3.68,1650,0.53,7.5,"Upper Mississippi River"
"Crow Wing","surficial Quaternary",33,190000,4.63,0.42,7890,0.08,7.57,"Upper Mississippi River"
"Crow Wing","surficial Quaternary",25,181000,0.059,1.93,1900,0.02,7.4,"Upper Mississippi River"
"Crow Wing","buried Quaternary",25,82000,5.47,3.14,1950,0.16,7.56,"Upper Mississippi River"
"Crow Wing","buried Quaternary",6,135000,1.24,5.49,1540,0.12,8.1,"Upper Mississippi River"
"Crow Wing","buried Quaternary",30,170000,0.059,0.47,600,0.09,7.5,"Upper Mississippi River"
"Crow Wing","surficial Quaternary",3,342000,4.64,5.62,357830,0.15,7.1,"Upper Mississippi River"
"Crow Wing","buried Quaternary",22,116000,0.059,3.71,3270,0.15,7.3,"Upper Mississippi River"
"Crow Wing","buried Quaternary",10,288000,2.17,3.32,720,0.04,7.3,"Upper Mississippi River"
"Crow Wing","buried Quaternary",46,173000,0.68,0.2,14480,0.05,7.3,"Upper Mississippi River"
"Crow Wing","buried Quaternary",3,161000,4.6,0.82,790,0.58,7.6,"Upper Mississippi River"
"Crow Wing","surficial Quaternary",17,119000,9.14,2.38,820,0.11,7.7,"Upper Mississippi River"
"Crow Wing","buried Quaternary",9,242000,0.23,6.65,480,0.06,7.6,"Upper Mississippi River"
"Crow Wing","surficial Quaternary",13,201000,18.09,2.63,1820,1.02,7.4,"Upper Mississippi River"
"Dakota","Ordovician",105,284000,3.62,0.24,11930,0.04,7.64,"Minnesota River"
"Dakota","Ordovician",130,270000,0.92,2.03,2250,0.12,7.58,"Upper Mississippi River"
"Dakota","surficial Quaternary",125,281000,1.3,0.61,41340,0.34,7.29,"Minnesota River"
"Dakota","Cambrian",157,245000,2.21,0.69,2320,0.3,7.41,"Upper Mississippi River"
"Dakota","Ordovician",71,164000,2.43,0.2,820,0.09,7.25,"Lower Mississippi River"
"Dakota","Ordovician",80,241000,2.12,1.16,9580,0.09,7.14,"Lower Mississippi River"
"Dakota","surficial Quaternary",105,202000,3.13,0.77,19580,0.55,7.45,"Lower Mississippi River"
"Dakota","Cambrian",125,190000,2.36,0.23,11020,0.33,7.65,"Lower Mississippi River"
"Dakota","Ordovician",140,111000,6.02,0.24,8250,0.69,7.49,"Lower Mississippi River"
"Dakota","buried Quaternary",40,189000,2.79,0.44,25000,0.13,7.48,"Lower Mississippi River"
"Dakota","Ordovician",32,175000,3.41,0.45,29270,0.38,7,"Lower Mississippi River"
"Dakota","Cambrian",10,138000,1.81,0.43,660,0.53,7.54,"Lower Mississippi River"
"Dakota","surficial Quaternary",30,224000,4.16,0.61,31220,0.34,7.23,"Lower Mississippi River"
"Dakota","Cambrian",14,368000,2.48,0.15,1290,0.42,6.99,"Lower Mississippi River"
"Dodge","Ordovician",165,265000,0.18,0.61,530,0.76,4.38,"Lower Mississippi River"
"Dodge","Ordovician",65,294000,1.16,0.28,36520,0.45,5.85,"Lower Mississippi River"
"Dodge","Ordovician",71,309000,0.07,2.43,290,1.73,7.18,"Lower Mississippi River"
"Dodge","Ordovician",221,269000,0.94,0.08,320,0.58,7.18,"Lower Mississippi River"
"Dodge","Ordovician",34,294000,0.62,4.03,1830,0.12,7.03,"Lower Mississippi River"
"Dodge","Ordovician",195,284000,0.08,0.21,470,0.27,7.05,"Lower Mississippi River"
"Dodge","Ordovician",20,236000,0.059,10.77,220,0.55,7.39,"Cedar River"
"Douglas","buried Quaternary",17,308000,0.059,0.7,720,0.02,7.27,"Upper Mississippi River"
"Douglas","buried Quaternary",10,323000,0.21,5.77,1340,0.02,7.1,"Upper Mississippi River"
"Douglas","buried Quaternary",36,501000,47.38,0.59,1570,1.95,7.24,"Upper Mississippi River"
"Douglas","buried Quaternary",7,378000,0.059,19.35,870,0.11,7.11,"Upper Mississippi River"
"Douglas","buried Quaternary",110,404000,0.059,38.11,13840,0.14,6.89,"Minnesota River"
"Douglas","surficial Quaternary",28,281000,0.059,0.12,8320,0.14,7.04,"Upper Mississippi River"
"Douglas","buried Quaternary",97,249000,0.059,3.73,2190,0.05,7.17,"Upper Mississippi River"
"Douglas","buried Quaternary",46,376000,0.059,12.07,740,0.39,7.12,"Minnesota River"
"Douglas","buried Quaternary",77,403000,0.33,8.08,560,0.05,7.12,"Minnesota River"
"Fairbault","buried Quaternary",65,349000,0.07,3.5,360,0.11,6.98,"Minnesota River"
"Fairbault","buried Quaternary",23,336000,1.35,2.98,8320,0.25,6.83,"Minnesota River"
"Fairbault","Ordovician",50,378000,0.059,0.059,1380,0.14,6.82,"Minnesota River"
"Fairbault","Ordovician",13,391000,0.059,10.13,1300,0.03,7.15,"Minnesota River"
"Fairbault","Devonian",35,421000,1.46,7.59,440,0.19,6.94,"Minnesota River"
"Fairbault","Ordovician",20,399000,1.56,6.02,1980,0.06,7.17,"Minnesota River"
"Fillmore","Ordovician",19,272000,1.51,0.32,14380,3.78,7.16,"Lower Mississippi River"
"Fillmore","Ordovician",207,343000,0.059,0.18,95070,0.44,6.89,"Lower Mississippi River"
"Fillmore","Ordovician",378,185000,0.16,0.92,4050,4.2,7.43,"Lower Mississippi River"
"Fillmore","Ordovician",35,279000,0.059,0.7,14780,2.93,6.97,"Lower Mississippi River"
"Fillmore","Ordovician",75,272000,0.059,0.22,570,0.74,7.2,"Lower Mississippi River"
"Fillmore","Cambrian",200,235000,0.24,0.69,1100,0.83,7.23,"Lower Mississippi River"
"Freeborn","Devonian",79,384000,1.92,4.03,470,0.1,7.11,"Minnesota River"
"Freeborn","Ordovician",150,403000,1.33,8.09,1170,0.3,7.13,"Lower Mississippi River"
"Freeborn","Devonian",20,375000,1.65,8.84,600,0.09,7.1,"Cedar River"
"Freeborn","Devonian",52,295000,2.46,0.44,3520,1.1,7.18,"Cedar River"
"Goodhue","Cambrian",139,250000,14.12,0.35,1540,2.62,7.33,"Lower Mississippi River"
"Goodhue","Cambrian",90,162000,6.93,0.22,310,0.36,7.76,"Lower Mississippi River"
"Goodhue","Cambrian",40,307000,3.64,0.28,3360,1.12,7.08,"Lower Mississippi River"
"Goodhue","Ordovician",6,242000,0.48,0.36,10850,0.45,7.6,"Lower Mississippi River"
"Goodhue","Cambrian",145,172000,0.059,0.059,390,0.09,7.5,"Lower Mississippi River"
"Goodhue","Cambrian",176,206000,4.04,0.19,350,27.58,7.09,"Lower Mississippi River"
"Goodhue","Ordovician",25,237000,0.059,0.45,2580,0.09,7.16,"Lower Mississippi River"
"Goodhue","Ordovician",100,323000,0.62,0.53,48030,0.66,6.87,"Lower Mississippi River"
"Goodhue","Ordovician",200,242000,0.64,0.12,820,0.3,6.72,"Lower Mississippi River"
"Goodhue","Ordovician",120,265000,1.01,0.24,2890,1.92,7.26,"Lower Mississippi River"
"Goodhue","Ordovician",242,219000,0.81,0.11,710,1.1,7.2,"Lower Mississippi River"
"Grant","buried Quaternary",28,310000,0.059,17.75,810,0.31,7.04,"Minnesota River"
"Grant","buried Quaternary",15,367000,2.13,66.86,7920,0.28,6.83,"Red River"
"Grant","buried Quaternary",44,324000,0.059,1.93,12500,0.44,6.85,"Minnesota River"
"Grant","buried Quaternary",69,402000,4.61,43.16,2640,0.1,6.71,"Minnesota River"
"Grant","buried Quaternary",60,285000,0.53,2.27,24390,0.02,6.95,"Minnesota River"
"Grant","buried Quaternary",19,337000,3.07,11.63,14550,0.02,7.28,"Red River"
"Hennepin","buried Quaternary",55,442000,5.05,0.47,12330,0.37,7.09,"Upper Mississippi River"
"Hennepin","surficial Quaternary",20,235000,4.96,0.52,13000,5.19,7.49,"Upper Mississippi River"
"Hennepin","buried Quaternary",80,433000,6.26,4.47,2410,0.07,7.27,"Upper Mississippi River"
"Hennepin","Cambrian",75,427000,5.55,5.1,3240,0.26,6.92,"Upper Mississippi River"
"Hennepin","buried Quaternary",11,255000,5.43,0.11,1320,0.73,7.38,"Upper Mississippi River"
"Hennepin","Cambrian",25,155000,5.2,2.33,127350,0.75,7.64,"Upper Mississippi River"
"Hennepin","Cambrian",31,217000,3.83,0.76,4890,0.2,7.46,"Upper Mississippi River"
"Hennepin","surficial Quaternary",87,433000,8.62,7.55,49940,0.11,7.03,"Upper Mississippi River"
"Hennepin","surficial Quaternary",20,329000,4.82,0.77,56000,0.36,7.42,"Upper Mississippi River"
"Hennepin","Cambrian",120,470000,7.86,14.37,1070,0.91,7.14,"Upper Mississippi River"
"Hennepin","surficial Quaternary",34,134000,3.77,0.91,29780,0.06,7.51,"Upper Mississippi River"
"Hennepin","Cambrian",92,452000,7.89,2.79,2310,0.11,7.34,"Upper Mississippi River"
"Hennepin","Ordovician",55,413000,6.59,1.08,7560,0.54,7.25,"Upper Mississippi River"
"Hennepin","Cambrian",130,467000,4.57,2.2,680,2.9,7.51,"Upper Mississippi River"
"Hennepin","buried Quaternary",97,440000,6.23,2.65,1560,0.81,7.37,"Upper Mississippi River"
"Hennepin","buried Quaternary",70,337000,4.87,1.03,30380,0.25,7.51,"Upper Mississippi River"
"Hennepin","buried Quaternary",73,438000,7.39,1.36,1220,0.09,7.51,"Upper Mississippi River"
"Hennepin","Ordovician",105,399000,5.65,0.18,780,0.13,7.6,"Upper Mississippi River"
"Hennepin","Ordovician",60,354000,5.31,3.62,17510,0.96,7.15,"Upper Mississippi River"
"Hennepin","Ordovician",60,320000,4.16,0.49,4370,0.14,7.45,"Minnesota River"
"Houston","Cambrian",104,246000,0.85,0.56,1580,2.19,7.45,"Lower Mississippi River"
"Houston","Cambrian",254,227000,0.52,0.4,200,1.99,7.39,"Lower Mississippi River"
"Hubbard","buried Quaternary",71,314000,2.28,0.059,2400,0.31,7.2,"Upper Mississippi River"
"Hubbard","surficial Quaternary",70,320000,1.12,0.16,6320,0.31,7.34,"Upper Mississippi River"
"Hubbard","buried Quaternary",65,225000,15.92,0.059,490,1.75,7.4,"Upper Mississippi River"
"Hubbard","buried Quaternary",35,263000,0.77,0.07,600,0.42,7.3,"Upper Mississippi River"
"Hubbard","buried Quaternary",18,235000,0.059,0.97,390,1.12,7.1,"Upper Mississippi River"
"Hubbard","buried Quaternary",7,285000,0.059,1.12,360,0.27,7.2,"Upper Mississippi River"
"Hubbard","surficial Quaternary",19,230000,0.059,0.059,1070,0.24,7,"Upper Mississippi River"
"Hubbard","surficial Quaternary",14,292000,1.19,0.059,910,0.1,7.1,"Upper Mississippi River"
"Hubbard","buried Quaternary",95,248000,1.12,0.059,1150,0.04,7.77,"Upper Mississippi River"
"Hubbard","buried Quaternary",51,260000,1.33,3.51,680,0.06,7,"Upper Mississippi River"
"Hubbard","surficial Quaternary",37,233000,0.17,0.22,2480,1.05,7.2,"Upper Mississippi River"
"Hubbard","buried Quaternary",55,328000,0.059,15.65,510,0.09,7,"Upper Mississippi River"
"Hubbard","surficial Quaternary",5,196000,0.059,0.059,450,0.23,7.3,"Upper Mississippi River"
"Hubbard","buried Quaternary",68,170000,0.059,0.15,410,0.2,7.6,"Upper Mississippi River"
"Hubbard","buried Quaternary",40,220000,0.07,0.1,1590,0.2,7.4,"Upper Mississippi River"
"Isanti","buried Quaternary",30,356000,4.98,8.45,1300,0.47,7.61,"Upper Mississippi River"
"Isanti","buried Quaternary",25,363000,4.11,1.76,20650,0.09,7.51,"Upper Mississippi River"
"Isanti","Cambrian",30,360000,2.44,1.74,900,0.24,7.53,"Upper Mississippi River"
"Isanti","surficial Quaternary",23,234000,7.12,1.67,9520,0.17,7.05,"Upper Mississippi River"
"Isanti","Cambrian",20,250000,43.72,1.55,730,3.36,7.44,"Upper Mississippi River"
"Isanti","buried Quaternary",33,226000,2.21,1.22,560,0.09,8.05,"Upper Mississippi River"
"Isanti","buried Quaternary",20,209000,3.22,2.35,580,0.17,8.12,"Upper Mississippi River"
"Isanti","surficial Quaternary",12,272000,10.6,2.17,1760,0.11,6.83,"Upper Mississippi River"
"Isanti","Cambrian",30,334000,29.27,0.45,1210,2.06,7.33,"St. Croix River"
"Isanti","Cambrian",17,330000,3.36,0.059,1460,0.07,7.24,"St. Croix River"
"Isanti","Cambrian",16,148000,3.13,11.24,740,0.2,7.69,"St. Croix River"
"Isanti","Cambrian",15,136000,1.73,0.72,1380,0.75,7.95,"Upper Mississippi River"
"Itasca","buried Quaternary",30,236000,88.24,0.67,3690,0.82,7.7,"Rainy River"
"Itasca","Precambrian",30,371000,1.43,2.19,20500,0.43,7.3,"Rainy River"
"Itasca","buried Quaternary",38,366000,51.59,1.93,910,0.09,7.3,"Rainy River"
"Itasca","buried Quaternary",7,206000,44.56,1.71,320,0.08,7.6,"Rainy River"
"Itasca","buried Quaternary",35,105000,2.16,0.059,500,0.26,8.2,"Upper Mississippi River"
"Itasca","buried Quaternary",20,257000,0.6,0.8,540,0.13,7.2,"Rainy River"
"Itasca","surficial Quaternary",25,103000,232.81,0.059,500,8.73,6.9,"Upper Mississippi River"
"Itasca","buried Quaternary",26,30000,30.29,0.46,1170,0.14,6,"Upper Mississippi River"
"Itasca","buried Quaternary",24,254000,4.55,0.44,6300,0.34,7.21,"Rainy River"
"Itasca","buried Quaternary",22,199000,2.53,5.38,3860,0.12,7.6,"Rainy River"
"Itasca","buried Quaternary",15,207000,0.85,4.28,9480,0.05,7,"Upper Mississippi River"
"Itasca","buried Quaternary",38,236000,0.77,0.94,1560,0.02,7.1,"Upper Mississippi River"
"Itasca","buried Quaternary",57,427000,1.02,0.059,540,0.32,7,"Upper Mississippi River"
"Itasca","buried Quaternary",5,307000,4.8,3.97,9810,0.36,7,"Upper Mississippi River"
"Itasca","buried Quaternary",30,369000,0.85,2.05,520,0.11,7,"Upper Mississippi River"
"Itasca","buried Quaternary",11,154000,4.62,0.11,370,0.28,7.3,"Upper Mississippi River"
"Itasca","Precambrian",17,279000,3.14,0.059,6380,0.54,6.8,"Upper Mississippi River"
"Itasca","buried Quaternary",20,291000,5.58,11.55,690,0.21,7.7,"Upper Mississippi River"
"Itasca","surficial Quaternary",10,263000,25.23,1.77,1480,0.27,7.5,"Upper Mississippi River"
"Itasca","buried Quaternary",31,215000,0.66,1.19,18950,0.02,7.2,"Upper Mississippi River"
"Itasca","surficial Quaternary",41,193000,1.81,0.63,20050,0.03,7.8,"Upper Mississippi River"
"Itasca","buried Quaternary",4,108000,0.73,0.059,520,0.14,6.7,"Upper Mississippi River"
"Itasca","buried Quaternary",15,93000,0.43,2.49,390,0.11,7.7,"Upper Mississippi River"
"Itasca","Precambrian",24,128000,1.85,7.56,1590,0.09,7.8,"Upper Mississippi River"
"Itasca","buried Quaternary",63,216000,139.12,2.04,880,2.76,7.5,"Upper Mississippi River"
"Itasca","surficial Quaternary",42,119000,8.69,2.19,1160,0.06,7,"Upper Mississippi River"
"Itasca","buried Quaternary",40,165000,1.66,2.55,480,0.33,6.9,"Upper Mississippi River"
"Itasca","buried Quaternary",4,214000,0.68,2.93,380,0.02,7.9,"Upper Mississippi River"
"Itasca","buried Quaternary",15,206000,8.61,2.58,6350,0.08,8,"Upper Mississippi River"
"Jackson","surficial Quaternary",110,350000,1.02,2.2,1790,0.52,6.86,"Minnesota River"
"Jackson","buried Quaternary",145,335000,1.32,0.059,3230,0.09,7.01,"Minnesota River"
"Jackson","buried Quaternary",124,345000,0.1,11.94,9190,0.31,7.02,"Des Moines River"
"Jackson","buried Quaternary",75,393000,1.05,47.57,730,0.2,6.62,"Des Moines River"
"Jackson","Cretaceous",320,337000,0.27,0.74,5840,1.13,7.14,"Des Moines River"
"Jackson","Cretaceous",160,352000,3.25,0.45,1030,0.24,6.97,"Minnesota River"
"Jackson","buried Quaternary",95,389000,0.97,3.35,4370,0.7,6.8,"Des Moines River"
"Jackson","Cretaceous",180,357000,0.059,8.58,2120,1.3,7,"Des Moines River"
"Jackson","buried Quaternary",90,362000,3.46,1.67,2180,0.23,6.6,"Des Moines River"
"Jackson","buried Quaternary",50,316000,0.12,23.36,5910,0.15,6.98,"Des Moines River"
"Jackson","Cretaceous",306,345000,50.25,0.96,10980,0.63,6.95,"Missouri River"
"Jackson","Cretaceous",188,430000,15.71,0.059,900,2.63,6.86,"Des Moines River"
"Jackson","buried Quaternary",130,473000,4.96,4.7,3580,1.67,6.97,"Missouri River"
"Jackson","buried Quaternary",15,405000,48.88,29.67,610,2.43,6.94,"Missouri River"
"Kanabec","Cambrian",58,126000,2.49,0.059,3850,0.18,7.3,"St. Croix River"
"Kanabec","buried Quaternary",15,141000,1.88,0.059,8560,0.11,6.9,"St. Croix River"
"Kanabec","buried Quaternary",17,134000,1.22,0.72,4740,0.04,7,"St. Croix River"
"Kanabec","buried Quaternary",42,209000,0.84,2.44,2240,0.17,7.6,"St. Croix River"
"Kanabec","Precambrian",53,220000,0.67,0.059,910,0.13,7.4,"St. Croix River"
"Kanabec","Cambrian",30,120000,1.45,1.67,2950,0.48,7.3,"St. Croix River"
"Kanabec","Cambrian",68,214000,1.13,0.059,470,0.09,7.4,"St. Croix River"
"Kanabec","buried Quaternary",20,59000,0.98,0.37,14820,0.32,6.4,"St. Croix River"
"Kanabec","buried Quaternary",22,155000,1.05,0.39,970,0.05,7.7,"St. Croix River"
"Kandiyohi","buried Quaternary",33,419000,1.15,31.36,2430,0.02,7.32,"Minnesota River"
"Kandiyohi","surficial Quaternary",20,380000,0.059,1.72,10370,0.02,6.75,"Upper Mississippi River"
"Kandiyohi","buried Quaternary",56,416000,1.76,11.58,139640,2.92,6.81,"Upper Mississippi River"
"Kandiyohi","buried Quaternary",32,266000,0.82,10.11,1990,0.37,7.02,"Upper Mississippi River"
"Kandiyohi","buried Quaternary",40,328000,0.059,32.68,100,0.02,7.42,"Minnesota River"
"Kandiyohi","buried Quaternary",25,331000,2.4,3.94,3310,0.12,7,"Minnesota River"
"Kandiyohi","buried Quaternary",28,274000,2.95,2.51,15260,0.33,7.43,"Minnesota River"
"Kandiyohi","buried Quaternary",12,441000,21.06,4.62,680,0.64,7.16,"Upper Mississippi River"
"Kandiyohi","buried Quaternary",17,445000,0.34,0.059,790,0.58,7,"Upper Mississippi River"
"Kittson","buried Quaternary",50,230000,4.63,0.059,266630,2.13,7.7,"Red River"
"Koochiching","buried Quaternary",10,375000,1.42,9.59,2910,0.06,7.5,"Rainy River"
"Koochiching","Precambrian",29,401000,53.37,156.62,6560,1.28,6.8,"Rainy River"
"Koochiching","buried Quaternary",0,260000,1.73,12.23,10280,0.02,7.9,"Rainy River"
"Koochiching","surficial Quaternary",7,154000,2.71,0.059,8480,0.11,7.6,"Rainy River"
"Lac Qui Parle","Cretaceous",26,379000,0.99,0.44,9540,6.59,7,"Minnesota River"
"Lac Qui Parle","buried Quaternary",40,443000,1.84,26.36,1690,0.06,7.4,"Minnesota River"
"Lac Qui Parle","buried Quaternary",34,351000,0.43,36.2,1870,0.11,7,"Minnesota River"
"Lac Qui Parle","buried Quaternary",35,279000,2.3,10.9,719700,0.28,8,"Minnesota River"
"Lac Qui Parle","buried Quaternary",30,383000,0.65,9.95,3930,0.19,6.9,"Minnesota River"
"Lac Qui Parle","buried Quaternary",18,257000,5.58,5.71,5740,0.97,7.5,"Minnesota River"
"Lac Qui Parle","buried Quaternary",20,309000,0.81,1.31,1360,0.12,7.3,"Minnesota River"
"Lake","Precambrian",0,101000,17.66,0.28,890,0.49,7.9,"Rainy River"
"Lake","Precambrian",0,47000,37.37,0.059,3520,0.61,6.1,"Rainy River"
"Lake","Precambrian",0,84000,2.86,0.68,20400,0.4,8.4,"Lake Superior"
"Lake","Precambrian",28,120000,160.84,14.8,290,0.62,9.3,"Lake Superior"
"Lake","Precambrian",32,66000,387.79,0.85,420,0.39,8.6,"Lake Superior"
"Lake","Precambrian",0,72000,1.46,0.19,420,0.11,7.2,"Lake Superior"
"Lake","Precambrian",0,75000,1447.93,1.82,97340,6.38,9,"Lake Superior"
"Lake","Precambrian",25,196000,2.35,1.65,4630,0.09,8.4,"Lake Superior"
"Le Sueur","Cambrian",216,327000,1.61,7.44,98370,0.57,7.11,"Minnesota River"
"Le Sueur","Cambrian",200,488000,0.07,0.29,380,0.16,7.24,"Minnesota River"
"Le Sueur","buried Quaternary",254,387000,0.15,0.78,1120,0.02,7.13,"Minnesota River"
"Le Sueur","Cambrian",128,431000,1.53,8.85,580,3.1,7.27,"Minnesota River"
"Le Sueur","buried Quaternary",250,387000,0.13,3.06,280,0.41,7.21,"Minnesota River"
"Le Sueur","Ordovician",135,415000,0.45,0.21,570,0.89,6.96,"Lower Mississippi River"
"Le Sueur","Ordovician",149,404000,0.25,1.69,360,0.68,7.1,"Minnesota River"
"Le Sueur","Ordovician",65,343000,0.12,0.26,320,0.07,7.11,"Lower Mississippi River"
"Le Sueur","Ordovician",25,283000,0.32,14.32,4080,0.07,7.3,"Lower Mississippi River"
"Le Sueur","Ordovician",70,319000,0.059,3.33,310,0.29,6.87,"Lower Mississippi River"
"Lincoln","surficial Quaternary",4,398000,5.31,9.34,74380,1.92,6.88,"Minnesota River"
"Lincoln","surficial Quaternary",0,331000,1.38,2.75,3840,0.76,7.04,"Minnesota River"
"Lyon","Cretaceous",30,283000,2.85,3.03,73580,0.06,7.79,"Minnesota River"
"Lyon","buried Quaternary",30,296000,3.75,1.4,9980,0.08,7.07,"Minnesota River"
"Lyon","Cretaceous",45,366000,0.059,0.86,82000,0.11,7.01,"Minnesota River"
"Lyon","buried Quaternary",0,378000,0.059,17.69,4770,0.16,6.9,"Minnesota River"
"Lyon","Cretaceous",32,319000,0.45,5.49,2750,0.02,6.3,"Minnesota River"
"Lyon","Cretaceous",190,353000,0.059,5.04,3130,0.28,6.58,"Minnesota River"
"Lyon","buried Quaternary",120,252000,10.85,0.72,4100,0.16,6.92,"Minnesota River"
"Lyon","buried Quaternary",100,298000,9.45,1.73,3850,0.22,6.58,"Minnesota River"
"Mahnomen","buried Quaternary",18,239000,1.53,15.23,13720,0.06,7.7,"Red River"
"Mahnomen","buried Quaternary",57,317000,0.059,10.37,2210,0.02,7.4,"Red River"
"Marshall","buried Quaternary",4,228000,0.059,18.07,570,0.2,7.5,"Red River"
"Marshall","buried Quaternary",22,469000,0.97,0.26,7810,0.02,7.5,"Red River"
"Marshall","buried Quaternary",30,309000,0.059,7.94,3900,0.16,7.3,"Red River"
"Marshall","buried Quaternary",4,375000,0.059,0.059,25850,0.03,7.7,"Red River"
"Marshall","buried Quaternary",8,355000,0.7,0.059,3990,0.12,7.4,"Red River"
"Marshall","buried Quaternary",25,274000,0.9,0.059,9860,0.11,7.6,"Red River"
"Marshall","surficial Quaternary",7,472000,1.52,1.07,2510,0.13,7,"Red River"
"Marshall","buried Quaternary",25,286000,87.97,5.48,7570,9.75,7.6,"Red River"
"Martin","buried Quaternary",40,380000,0.5,6.62,930,0.02,6.89,"Minnesota River"
"Martin","Cretaceous",80,331000,0.059,0.059,1510,0.02,6.96,"Minnesota River"
"Martin","Cretaceous",50,378000,0.89,8.19,1630,3.65,6.91,"Minnesota River"
"Martin","buried Quaternary",70,364000,0.86,0.5,1070,0.15,6.98,"Minnesota River"
"Martin","buried Quaternary",98,383000,0.86,0.83,2670,0.96,6.92,"Des Moines River"
"Martin","buried Quaternary",100,380000,0.63,0.31,1560,0.76,6.9,"Des Moines River"
"Martin","Cretaceous",0,439000,1.52,0.99,480,0.02,6.89,"Minnesota River"
"Martin","buried Quaternary",115,439000,0.42,7.61,540,0.89,7,"Minnesota River"
"McLeod","buried Quaternary",39,443000,1.27,38.07,740,0.27,6.92,"Upper Mississippi River"
"McLeod","buried Quaternary",19,509000,0.11,0.23,1010,1.89,7.06,"Upper Mississippi River"
"McLeod","buried Quaternary",18,475000,0.059,0.38,1880,0.18,7.38,"Upper Mississippi River"
"McLeod","buried Quaternary",60,427000,0.49,8.51,1060,0.02,7.12,"Upper Mississippi River"
"Meeker","buried Quaternary",21,375000,0.059,10.36,530,0.02,7.02,"Upper Mississippi River"
"Meeker","buried Quaternary",31,356000,0.88,37.44,2310,0.66,7.03,"Upper Mississippi River"
"Meeker","buried Quaternary",8,301000,0.78,1.32,1490,0.86,7.26,"Upper Mississippi River"
"Meeker","surficial Quaternary",25,339000,24.51,21.1,4320,0.23,7.31,"Upper Mississippi River"
"Meeker","buried Quaternary",15,414000,0.12,29.93,660,0.02,6.86,"Upper Mississippi River"
"Mille Lacs","Precambrian",5,355000,38.49,0.85,1370,1.06,7.4,"Upper Mississippi River"
"Mille Lacs","buried Quaternary",15,330000,0.31,1.96,101720,0.21,7.4,"Upper Mississippi River"
"Mille Lacs","buried Quaternary",5,333000,0.059,4.08,3060,0.07,7.9,"Upper Mississippi River"
"Mille Lacs","buried Quaternary",41,222000,1.07,0.78,8210,0.2,7.6,"Upper Mississippi River"
"Mille Lacs","buried Quaternary",21,270000,0.41,0.89,12160,0.55,7.4,"Upper Mississippi River"
"Mille Lacs","Precambrian",21,434000,0.89,0.68,2640,0.09,7.4,"Upper Mississippi River"
"Morrison","buried Quaternary",6,280000,0.68,0.29,1350,0.06,7.7,"Upper Mississippi River"
"Morrison","buried Quaternary",19,246000,0.059,2.56,850,1.03,7.19,"Upper Mississippi River"
"Morrison","buried Quaternary",21,196000,0.059,0.45,5540,0.37,7.19,"Upper Mississippi River"
"Morrison","buried Quaternary",16,278000,0.059,0.59,29970,0.47,7.03,"Upper Mississippi River"
"Morrison","buried Quaternary",41,236000,0.059,3.65,1710,0.52,7.27,"Upper Mississippi River"
"Morrison","buried Quaternary",20,138000,0.059,12.89,31050,0.02,7.53,"Upper Mississippi River"
"Morrison","buried Quaternary",30,208000,2.79,3.55,18330,2.23,7.14,"Upper Mississippi River"
"Morrison","surficial Quaternary",14,277000,0.059,0.25,8930,0.84,7.13,"Upper Mississippi River"
"Morrison","buried Quaternary",50,325000,0.059,1.23,410,0.53,7.61,"Upper Mississippi River"
"Morrison","buried Quaternary",17,109000,0.059,2.24,5050,0.09,7.78,"Upper Mississippi River"
"Morrison","surficial Quaternary",25,209000,0.059,0.65,48030,0.2,7.05,"Upper Mississippi River"
"Morrison","surficial Quaternary",0,238000,0.059,0.78,6060,0.45,6.72,"Upper Mississippi River"
"Morrison","buried Quaternary",17,182000,0.17,0.55,57680,0.24,7.36,"Upper Mississippi River"
"Morrison","surficial Quaternary",14,230000,0.059,0.82,9140,0.29,7.22,"Upper Mississippi River"
"Morrison","buried Quaternary",20,190000,0.059,0.54,133640,2.32,7.38,"Upper Mississippi River"
"Morrison","buried Quaternary",26,173000,5.11,0.8,6950,0.35,7.3,"Upper Mississippi River"
"Morrison","Precambrian",25,285000,1.16,1.08,870,0.71,7.22,"Upper Mississippi River"
"Morrison","Precambrian",39,102000,0.059,0.79,132100,0.47,6.83,"Upper Mississippi River"
"Morrison","buried Quaternary",24,329000,0.059,5.12,870,0.31,7.37,"Upper Mississippi River"
"Morrison","Precambrian",12,33000,61.32,0.32,10310,3.42,6.61,"Upper Mississippi River"
"Morrison","buried Quaternary",26,203000,0.059,3.21,750,1.28,7.8,"Upper Mississippi River"
"Morrison","buried Quaternary",21,164000,5.64,3.01,9880,0.75,7.93,"Upper Mississippi River"
"Morrison","buried Quaternary",20,245000,0.059,0.93,14570,0.57,7.04,"Upper Mississippi River"
"Morrison","surficial Quaternary",34,288000,0.059,0.89,11400,0.21,7.2,"Upper Mississippi River"
"Mower","Ordovician",297,211000,5.43,0.12,2170,0.43,7.4,"Lower Mississippi River"
"Mower","Ordovician",25,212000,0.69,0.84,3330,0.32,7.35,"Lower Mississippi River"
"Mower","Ordovician",18,269000,3.14,2.29,1260,0.11,7.2,"Cedar River"
"Mower","Ordovician",210,211000,0.52,0.48,1260,0.12,7.37,"Cedar River"
"Mower","Devonian",62,266000,0.79,1.69,680,0.84,7.12,"Cedar River"
"Mower","Ordovician",48,272000,0.92,1.87,4120,0.14,7.2,"Lower Mississippi River"
"Mower","Devonian",38,225000,1.48,3.41,420,0.59,7.34,"Cedar River"
"Mower","Devonian",26,225000,6.41,0.68,4720,0.94,7.14,"Cedar River"
"Mower","Devonian",25,280000,0.059,1.08,1180,0.12,7.04,"Lower Mississippi River"
"Mower","Ordovician",32,282000,1.05,1.37,3070,0.05,7.14,"Cedar River"
"Murray","buried Quaternary",55,336000,0.12,1.61,3620,0.26,7,"Minnesota River"
"Murray","buried Quaternary",98,406000,53.46,0.86,5870,0.55,6.43,"Des Moines River"
"Murray","buried Quaternary",110,202000,5.33,12.6,5480,4.81,6.41,"Des Moines River"
"Murray","buried Quaternary",72,358000,0.059,0.059,1010,0.22,6.2,"Des Moines River"
"Murray","surficial Quaternary",0,342000,42.94,0.84,44620,0.22,6.6,"Des Moines River"
"Murray","surficial Quaternary",40,297000,0.1,1.48,21670,0.13,6.62,"Des Moines River"
"Murray","buried Quaternary",62,513000,0.5,0.24,3430,0.14,6.65,"Des Moines River"
"Murray","buried Quaternary",140,343000,90.17,6.44,41630,0.54,6.79,"Des Moines River"
"Murray","buried Quaternary",20,305000,0.76,1.48,180580,0.28,6.84,"Des Moines River"
"Murray","Precambrian",38,275000,0.059,2.69,2720,0.31,6.53,"Des Moines River"
"Murray","surficial Quaternary",14,308000,5.99,0.71,28520,0.87,7.18,"Des Moines River"
"Nicollet","Cambrian",160,518000,0.81,0.41,890,2.2,6.72,"Minnesota River"
"Nicollet","buried Quaternary",110,542000,0.55,10.93,4710,0.08,6.61,"Minnesota River"
"Nicollet","buried Quaternary",200,477000,0.67,10.86,3560,0.64,7.12,"Minnesota River"
"Nicollet","Cretaceous",164,374000,0.2,0.27,2740,0.5,6.96,"Minnesota River"
"Nicollet","buried Quaternary",180,439000,2.21,3.43,1500,1.3,7.15,"Minnesota River"
"Nicollet","buried Quaternary",195,277000,0.14,2.23,9220,0.03,7.06,"Minnesota River"
"Nicollet","Cambrian",162,437000,0.23,2.86,1350,0.66,6.9,"Minnesota River"
"Nicollet","buried Quaternary",27,395000,0.34,16.84,4860,0.05,7.26,"Minnesota River"
"Nicollet","buried Quaternary",155,275000,1151.33,2.01,1770,9.51,7.03,"Minnesota River"
"Nicollet","Cambrian",190,396000,0.45,0.74,2660,0.05,7.01,"Minnesota River"
"Nobles","buried Quaternary",0,339000,2.1,1.32,10280,0.18,6.59,"Missouri River"
"Nobles","buried Quaternary",115,363000,4.57,2.22,2240,0.02,6.99,"Missouri River"
"Nobles","buried Quaternary",40,296000,0.27,1.24,18940,0.32,7.16,"Missouri River"
"Nobles","surficial Quaternary",12,316000,0.059,1.24,6670,0.13,6.52,"Missouri River"
"Nobles","Cretaceous",180,358000,163.49,5.03,8540,8.73,6.9,"Missouri River"
"Nobles","Precambrian",310,427000,0.09,3.66,4840,0.63,6.73,"Des Moines River"
"Nobles","buried Quaternary",63,357000,0.54,1.05,31220,0.2,6.64,"Missouri River"
"Nobles","Cretaceous",0,351000,222.6,2.24,17980,1.38,7.03,"Missouri River"
"Nobles","surficial Quaternary",6,222000,0.059,1.35,16380,0.11,7.31,"Missouri River"
"Nobles","buried Quaternary",30,451000,4.07,2.23,22530,0.44,7.01,"Missouri River"
"Norman","buried Quaternary",2,416000,4.86,0.059,58230,0.18,7.9,"Red River"
"Norman","buried Quaternary",18,364000,0.32,6.66,3670,0.12,7.15,"Red River"
"Olmstead","Ordovician",94,308000,0.99,0.24,13800,2.23,7.28,"Lower Mississippi River"
"Olmstead","Ordovician",18,259000,11.57,0.16,8410,1.36,7.44,"Lower Mississippi River"
"Olmstead","Ordovician",30,311000,1.29,1.15,28690,1.15,7.27,"Lower Mississippi River"
"Olmstead","Ordovician",162,240000,2.54,0.26,580,1.18,7.42,"Lower Mississippi River"
"Olmstead","Ordovician",42,240000,0.059,0.47,2190,0.17,7.39,"Lower Mississippi River"
"Otter Tail","surficial Quaternary",10,307000,0.76,22.2,77610,0.08,7.5,"Red River"
"Otter Tail","buried Quaternary",8,296000,1.28,18,1070,0.06,7.5,"Red River"
"Otter Tail","buried Quaternary",23,201000,0.6,2.73,12250,0.07,7.5,"Red River"
"Otter Tail","surficial Quaternary",21,371000,0.42,0.21,680,0.13,7.4,"Red River"
"Otter Tail","buried Quaternary",77,289000,0.27,0.5,2400,0.03,7.3,"Red River"
"Otter Tail","buried Quaternary",8,344000,0.63,9.85,2620,0.02,7.1,"Upper Mississippi River"
"Otter Tail","buried Quaternary",30,347000,2.31,0.88,2330,0.1,7.3,"Red River"
"Otter Tail","buried Quaternary",71,337000,1.08,0.32,2660,1.34,7.2,"Red River"
"Otter Tail","buried Quaternary",18,241000,0.72,7.49,8300,0.24,7.4,"Red River"
"Otter Tail","buried Quaternary",83,328000,125.11,91.21,560,1.3,6.71,"Red River"
"Otter Tail","surficial Quaternary",126,387000,1.47,1.93,87640,0.22,7.4,"Red River"
"Otter Tail","buried Quaternary",45,439000,0.059,4.27,1010,1.15,7.1,"Red River"
"Otter Tail","surficial Quaternary",19,247000,0.39,3.15,4990,0.21,7.1,"Red River"
"Otter Tail","buried Quaternary",20,462000,0.059,0.41,2400,0.06,6.8,"Red River"
"Otter Tail","buried Quaternary",94,502000,0.42,56.73,850,0.46,7.1,"Red River"
"Otter Tail","buried Quaternary",14,355000,0.95,59.79,820,0.2,7.3,"Red River"
"Otter Tail","surficial Quaternary",20,235000,0.059,1.8,2970,0.03,7.3,"Upper Mississippi River"
"Otter Tail","surficial Quaternary",12,334000,0.059,0.44,1770,0.15,7.3,"Upper Mississippi River"
"Otter Tail","buried Quaternary",16,401000,0.12,27.8,480,0.14,7,"Upper Mississippi River"
"Otter Tail","buried Quaternary",16,332000,18.06,23.94,670,1.14,7.3,"Red River"
"Otter Tail","buried Quaternary",16,341000,0.7,29.03,1200,0.08,7.4,"Red River"
"Otter Tail","surficial Quaternary",0,222000,0.11,0.56,10860,0.13,7.3,"Upper Mississippi River"
"Otter Tail","buried Quaternary",32,460000,0.95,40.7,2610,0.06,7.1,"Red River"
"Otter Tail","surficial Quaternary",15,207000,0.059,0.65,3290,0.13,7.5,"Red River"
"Otter Tail","buried Quaternary",100,402000,0.62,4.74,4230,0.14,7.21,"Red River"
"Otter Tail","buried Quaternary",109,325000,9.21,2.51,1180,7.59,7.2,"Upper Mississippi River"
"Otter Tail","buried Quaternary",35,311000,0.059,1.75,37910,0.07,7.2,"Red River"
"Otter Tail","buried Quaternary",10,353000,0.059,26.71,1150,0.49,7.6,"Red River"
"Otter Tail","buried Quaternary",75,427000,0.059,28.1,620,0.92,7.09,"Minnesota River"
"Pennington","buried Quaternary",30,435000,0.2,11.59,15180,0.02,7.1,"Red River"
"Pennington","buried Quaternary",10,276000,1.03,0.15,20320,0.02,7.6,"Red River"
"Pennington","buried Quaternary",60,308000,3.99,1,9760,0.19,7.7,"Red River"
"Pennington","buried Quaternary",20,298000,0.059,33.71,8740,0.02,7,"Red River"
"Pennington","buried Quaternary",9,238000,0.059,5.72,7660,0.02,7.7,"Red River"
"Pine","Precambrian",15,94000,21.28,0.3,24460,0.22,6.9,"St. Croix River"
"Pine","Precambrian",21,133000,6.78,0.26,850,0.4,7.38,"St. Croix River"
"Pine","Precambrian",26,98000,7.61,0.059,320,0.05,8.1,"St. Croix River"
"Pine","Cambrian",12,59000,1.33,0.059,1010,0.55,6.4,"St. Croix River"
"Pine","Precambrian",7,91000,0.74,1.1,2690,1.34,6.8,"St. Croix River"
"Pine","Cambrian",35,205000,0.83,0.64,940,0.05,7.8,"St. Croix River"
"Pine","Cambrian",60,120000,23.34,4.06,6530,0.22,7.1,"St. Croix River"
"Pine","Precambrian",37,110000,3.22,3.27,1660,0.06,6.2,"St. Croix River"
"Pine","Precambrian",20,165000,2.95,1.12,1400,0.18,7.8,"St. Croix River"
"Pine","Cambrian",27,13000,2,0.14,1320,1.81,5.3,"St. Croix River"
"Pine","Precambrian",12,145000,134.68,3.68,440,10.89,7.9,"St. Croix River"
"Pine","buried Quaternary",23,98000,1.16,1.89,2670,0.19,8,"St. Croix River"
"Pine","Precambrian",13,194000,28.38,0.51,1880,0.38,9.43,"St. Croix River"
"Pine","buried Quaternary",13,296000,30.27,5.08,2390,1.48,7.9,"St. Croix River"
"Pine","Cambrian",7,210000,0.83,1.42,370,0.07,7.8,"St. Croix River"
"Pine","buried Quaternary",10,133000,0.86,1.64,8100,0.07,7.9,"St. Croix River"
"Pipestone","surficial Quaternary",10,528000,0.33,1.61,16940,1.04,6.75,"Missouri River"
"Pipestone","buried Quaternary",15,270000,2.28,7.01,17310,0.14,6.63,"Missouri River"
"Polk","buried Quaternary",5,148000,11.3,0.059,860510,0.12,7.6,"Red River"
"Polk","buried Quaternary",9,184000,1.04,9.01,18110,0.02,7.8,"Red River"
"Polk","buried Quaternary",18,216000,0.059,10.87,35110,0.02,8,"Red River"
"Polk","buried Quaternary",3,400000,0.81,20.35,5110,0.05,7.2,"Red River"
"Polk","buried Quaternary",17,260000,5.07,0.81,79360,0.28,7.8,"Red River"
"Polk","buried Quaternary",10,305000,0.51,0.27,117560,0.05,7.9,"Red River"
"Polk","buried Quaternary",20,226000,0.059,1.61,2730,0.02,7.4,"Red River"
"Polk","buried Quaternary",36,339000,0.059,15.03,2200,0.2,7.2,"Red River"
"Polk","buried Quaternary",10,321000,0.059,6.46,3380,0.06,7.4,"Red River"
"Polk","buried Quaternary",47,298000,0.059,2.18,3050,0.05,7.1,"Red River"
"Polk","buried Quaternary",1,382000,1.8,0.059,56290,0.02,7.8,"Red River"
"Polk","buried Quaternary",27,462000,0.059,1.14,640,0.38,6.9,"Red River"
"Polk","buried Quaternary",22,334000,0.61,8.7,1930,0.02,7.5,"Red River"
"Polk","buried Quaternary",15,453000,0.12,15.08,5400,0.02,7.1,"Red River"
"Pope","buried Quaternary",60,205000,2.16,0.85,14500,0.54,7.28,"Minnesota River"
"Pope","surficial Quaternary",35,215000,8.08,0.87,14630,0.35,7.21,"Minnesota River"
"Pope","buried Quaternary",30,425000,3.17,1.99,21340,0.57,7.29,"Minnesota River"
"Pope","buried Quaternary",4,403000,3.72,3.88,2420,0.48,6.83,"Minnesota River"
"Pope","surficial Quaternary",10,486000,3.05,10.66,105060,0.02,6.76,"Minnesota River"
"Pope","buried Quaternary",30,420000,2.97,6.49,480,0.33,7.29,"Upper Mississippi River"
"Pope","surficial Quaternary",50,248000,2.19,2.24,32630,5.95,7.18,"Minnesota River"
"Pope","buried Quaternary",40,353000,2.59,4.85,3840,0.02,7.04,"Minnesota River"
"Pope","buried Quaternary",20,404000,1.08,0.15,3080,0.02,6.91,"Minnesota River"
"Pope","buried Quaternary",80,363000,4.07,1.21,1520,0.02,7.3,"Minnesota River"
"Pope","surficial Quaternary",22,365000,0.09,0.6,236090,0.02,6.8,"Minnesota River"
"Ramsey","Ordovician",45,398000,2.81,4.33,2680,0.25,7.12,"Upper Mississippi River"
"Ramsey","buried Quaternary",92,230000,1.3,1.96,29230,0.12,7.43,"Upper Mississippi River"
"Ramsey","Ordovician",67,329000,1.3,4.15,12740,0.44,7.67,"Upper Mississippi River"
"Ramsey","buried Quaternary",106,314000,1.03,0.52,2960,1,7.54,"Upper Mississippi River"
"Red Lake","buried Quaternary",30,359000,0.35,1.07,730,0.12,7.2,"Red River"
"Redwood","buried Quaternary",27,353000,3.66,46.93,410,0.21,7.05,"Minnesota River"
"Redwood","surficial Quaternary",60,321000,0.059,0.35,9760,0.58,7.14,"Minnesota River"
"Redwood","Cretaceous",28,315000,0.23,1.85,63800,0.19,7.02,"Minnesota River"
"Redwood","buried Quaternary",16,358000,0.059,6.27,11380,0.81,7.23,"Minnesota River"
"Redwood","buried Quaternary",58,434000,0.059,2.94,3610,1.33,7.06,"Minnesota River"
"Redwood","buried Quaternary",12,398000,0.48,0.54,3000,0.18,7.01,"Minnesota River"
"Redwood","Cretaceous",60,440000,2.2,2.47,41030,0.43,6.94,"Minnesota River"
"Redwood","Precambrian",50,333000,0.06,1.37,9680,0.05,7.11,"Minnesota River"
"Redwood","buried Quaternary",35,483000,0.83,4.35,7040,0.06,7.01,"Minnesota River"
"Redwood","buried Quaternary",19,472000,0.059,23.11,57820,0.08,6.92,"Minnesota River"
"Redwood","Cretaceous",24,288000,2.34,2.37,31040,0.08,8.29,"Minnesota River"
"Redwood","buried Quaternary",30,422000,9.79,0.84,2900,0.65,7,"Minnesota River"
"Redwood","Cretaceous",15,214000,7.32,1.11,13960,0.72,7.25,"Minnesota River"
"Redwood","buried Quaternary",18,346000,0.49,12.43,7650,1.19,7.03,"Minnesota River"
"Renville","buried Quaternary",50,449000,14.87,32.12,2810,0.56,7.5,"Upper Mississippi River"
"Renville","Precambrian",40,468000,0.31,0.059,7910,0.4,7.34,"Minnesota River"
"Renville","buried Quaternary",11,413000,0.48,2.56,410,0.02,6.75,"Minnesota River"
"Renville","buried Quaternary",15,428000,0.059,9.13,24100,0.05,6.66,"Minnesota River"
"Renville","buried Quaternary",26,346000,9.73,0.3,10450,5.33,6.99,"Minnesota River"
"Renville","buried Quaternary",16,412000,0.6,34.94,220,0.61,7.02,"Upper Mississippi River"
"Renville","buried Quaternary",25,409000,0.059,3.98,7130,0.09,6.76,"Minnesota River"
"Renville","surficial Quaternary",5,496000,0.15,1.35,60990,0.11,6.64,"Minnesota River"
"Renville","buried Quaternary",25,347000,0.55,0.59,16470,0.14,7.2,"Minnesota River"
"Renville","buried Quaternary",45,402000,6.63,1.86,23120,0.26,6.83,"Minnesota River"
"Renville","buried Quaternary",12,305000,1.27,1.14,1220,0.02,7.27,"Upper Mississippi River"
"Renville","buried Quaternary",48,383000,0.27,2.17,4960,0.56,7.03,"Minnesota River"
"Rice","buried Quaternary",99,472000,0.15,0.32,540,0.4,6.96,"Minnesota River"
"Rice","Ordovician",145,469000,0.54,5.02,980,0.15,7.35,"Lower Mississippi River"
"Rice","Cambrian",198,268000,2.77,0.7,680,0.37,6.79,"Lower Mississippi River"
"Rice","Ordovician",80,298000,1.23,0.51,242480,1.8,7.08,"Lower Mississippi River"
"Rice","buried Quaternary",78,414000,0.059,0.23,4580,0.32,6.97,"Lower Mississippi River"
"Rice","Ordovician",0,452000,18.11,0.78,2400,3.82,7.6,"Lower Mississippi River"
"Rice","Ordovician",212,215000,0.059,0.08,1140,0.09,7.31,"Lower Mississippi River"
"Rice","Ordovician",24,413000,0.28,3.75,410,1.22,6.97,"Lower Mississippi River"
"Rice","Ordovician",48,366000,2.7,2.59,810,0.21,7.35,"Lower Mississippi River"
"Rice","Ordovician",115,369000,0.059,0.48,440,0.13,6.98,"Lower Mississippi River"
"Rice","Ordovician",265,202000,0.059,1.42,1230,0.27,7.45,"Lower Mississippi River"
"Rock","Precambrian",56,213000,0.12,4.3,2010,0.6,6.91,"Missouri River"
"Rock","surficial Quaternary",18,254000,5.8,0.27,11920,0.3,7.2,"Missouri River"
"Roseau","buried Quaternary",10,240000,0.059,1.73,1600,0.02,7.7,"Red River"
"Roseau","buried Quaternary",2,326000,1,0.63,1830,0.28,7.5,"Rainy River"
"Roseau","buried Quaternary",0,353000,0.82,11.28,3580,0.29,7.3,"Red River"
"Roseau","buried Quaternary",4,318000,19.34,0.43,8240,0.54,7.6,"Red River"
"Roseau","buried Quaternary",9,387000,1.46,3.21,8180,0.06,7.5,"Red River"
"Roseau","buried Quaternary",6,356000,2.03,0.059,1780,0.11,7.1,"Rainy River"
"Roseau","buried Quaternary",17,351000,0.059,2.29,2320,0.02,7.4,"Rainy River"
"Roseau","surficial Quaternary",9,243000,0.07,0.6,580,0.02,7.4,"Rainy River"
"Roseau","buried Quaternary",12,322000,44.66,0.059,14520,0.18,7.7,"Red River"
"Roseau","buried Quaternary",12,246000,0.059,14.2,7220,0.07,7.7,"Red River"
"Roseau","buried Quaternary",1,264000,2.19,4.76,1170,0.02,7.7,"Red River"
"Roseau","surficial Quaternary",6,226000,3.83,0.059,3910,0.06,7.3,"Red River"
"Roseau","buried Quaternary",4,280000,0.059,0.48,8710,0.21,7.6,"Red River"
"Roseau","buried Quaternary",6,279000,0.1,1.04,6900,0.06,7.1,"Red River"
"Roseau","buried Quaternary",13,235000,0.21,4.56,1850,0.14,7.4,"Red River"
"Scott","buried Quaternary",58,294000,4.9,0.42,25390,0.63,7.47,"Minnesota River"
"Scott","Ordovician",49,297000,4.93,0.4,23540,0.21,7.68,"Minnesota River"
"Scott","Cambrian",100,244000,2.91,0.99,1300,0.33,7.28,"Minnesota River"
"Scott","buried Quaternary",27,315000,4.76,0.92,3650,0.46,7.61,"Minnesota River"
"Scott","Cambrian",125,330000,6.17,4.94,1190,0.09,7.96,"Minnesota River"
"Scott","buried Quaternary",180,379000,7.43,17.8,1330,0.33,7.07,"Minnesota River"
"Scott","Cambrian",51,373000,9.04,3.83,1240,0.1,7.21,"Minnesota River"
"Scott","Ordovician",89,321000,5.65,3.91,6190,0.25,7.41,"Minnesota River"
"Scott","Cambrian",209,284000,4.19,0.84,18340,0.55,7.66,"Minnesota River"
"Scott","buried Quaternary",46,565000,0.059,29.32,1000,0.22,7.13,"Minnesota River"
"Scott","Cambrian",136,402000,0.16,0.34,770,1.01,7.09,"Minnesota River"
"Scott","buried Quaternary",139,433000,0.059,7.82,500,0.08,7.18,"Minnesota River"
"Scott","Cambrian",118,403000,0.1,1.34,240,0.19,7.1,"Minnesota River"
"Sherburne","buried Quaternary",12,206000,0.059,0.17,9610,0.81,7.1,"Upper Mississippi River"
"Sherburne","Cambrian",20,216000,0.059,1.69,1010,0.35,7.59,"Upper Mississippi River"
"Sherburne","surficial Quaternary",25,166000,0.059,0.85,13590,0.14,7.54,"Upper Mississippi River"
"Sherburne","surficial Quaternary",8,201000,0.059,9.2,13610,0.11,7.01,"Upper Mississippi River"
"Sherburne","buried Quaternary",22,202000,0.059,1.57,9490,0.09,7.56,"Upper Mississippi River"
"Sherburne","buried Quaternary",8,270000,1.41,2.3,1590,0.02,6.83,"Upper Mississippi River"
"Sherburne","buried Quaternary",15,328000,0.059,1.22,105610,1.4,7.17,"Upper Mississippi River"
"Sherburne","surficial Quaternary",18,243000,0.059,0.32,172450,3.4,7.27,"Upper Mississippi River"
"Sherburne","buried Quaternary",23,305000,3.86,5.8,730,0.64,7.24,"Upper Mississippi River"
"Sherburne","Cambrian",40,163000,0.059,4.14,310,0.08,7.57,"Upper Mississippi River"
"Sherburne","buried Quaternary",34,259000,0.059,7.05,2310,0.05,7.32,"Upper Mississippi River"
"Sherburne","buried Quaternary",45,225000,0.059,0.98,19130,0.5,7.08,"Upper Mississippi River"
"Sherburne","buried Quaternary",80,295000,0.059,0.99,32190,0.63,7.31,"Upper Mississippi River"
"Sibley","buried Quaternary",28,424000,0.35,23.21,310,0.27,7.1,"Minnesota River"
"Sibley","Cambrian",106,467000,0.059,1.87,350,0.02,6.92,"Minnesota River"
"Sibley","buried Quaternary",50,561000,0.09,17.41,20730,0.45,7.1,"Minnesota River"
"Sibley","Cambrian",115,538000,0.27,6.02,370,0.02,7.03,"Minnesota River"
"Sibley","buried Quaternary",169,478000,0.36,0.36,1230,0.33,7.11,"Minnesota River"
"Sibley","buried Quaternary",180,403000,0.35,0.67,3110,0.84,7.29,"Minnesota River"
"Sibley","buried Quaternary",109,437000,2,48.79,230,1.87,7.03,"Minnesota River"
"Sibley","buried Quaternary",137,412000,0.42,27.26,200,0.11,7.05,"Minnesota River"
"Sibley","Cretaceous",122,591000,0.58,1.53,4570,0.94,7.26,"Minnesota River"
"Sibley","buried Quaternary",160,427000,0.21,28.47,290,0.75,7.08,"Minnesota River"
"St. Louis","Precambrian",18,541000,1.56,0.059,3720,0.82,7.1,"Rainy River"
"St. Louis","Precambrian",15,114000,187.58,0.059,2190,0.38,6.4,"Rainy River"
"St. Louis","buried Quaternary",10,49000,4.47,0.16,12450,0.18,6.24,"Rainy River"
"St. Louis","surficial Quaternary",24,59000,5.29,0.15,450,0.89,6.49,"Rainy River"
"St. Louis","Precambrian",0,133000,467.44,0.39,2170,0.33,7,"Rainy River"
"St. Louis","Precambrian",25,197000,3.91,0.7,5830,1.39,6.6,"Rainy River"
"St. Louis","Precambrian",0,314000,9.25,2.08,1260,0.11,7.4,"Rainy River"
"St. Louis","Precambrian",26,218000,2.97,8.27,1280,0.17,7.39,"Rainy River"
"St. Louis","buried Quaternary",11,198000,2.95,41.98,25420,0.54,7.1,"Rainy River"
"St. Louis","buried Quaternary",20,347000,2.61,1.51,12440,1.87,7.38,"Rainy River"
"St. Louis","Precambrian",6,97000,55.85,0.37,6300,1.07,6.5,"Rainy River"
"St. Louis","Precambrian",10,173000,3.25,0.42,32240,0.36,9.1,"Rainy River"
"St. Louis","Precambrian",0,210000,13.96,2.04,4320,0.33,8.2,"Rainy River"
"St. Louis","Precambrian",0,72000,2.12,0.059,5029000,3.58,6.8,"Lake Superior"
"St. Louis","buried Quaternary",12,125000,869.82,1.67,10340,1.71,8.26,"Rainy River"
"St. Louis","Precambrian",54,70000,59.56,1.54,1320,0.7,8.2,"Rainy River"
"St. Louis","surficial Quaternary",0,164000,756.46,6.14,16340,10.57,7.9,"Rainy River"
"St. Louis","buried Quaternary",10,112000,257.73,12.8,520,25.32,7.9,"Lake Superior"
"St. Louis","buried Quaternary",23,110000,7.25,1.39,410,0.3,6.8,"Rainy River"
"St. Louis","surficial Quaternary",18,99000,72.55,0.059,5900,1.88,6.8,"Rainy River"
"St. Louis","surficial Quaternary",35,95000,6.49,0.09,6610,0.32,7.03,"Lake Superior"
"St. Louis","Precambrian",25,144000,20.64,0.7,1500,1.44,6.58,"Rainy River"
"St. Louis","Precambrian",10,281000,3.53,0.42,630,1.44,7.6,"Lake Superior"
"St. Louis","buried Quaternary",19,179000,21.51,0.17,570,0.22,8,"Lake Superior"
"St. Louis","Precambrian",20,159000,2,0.059,14530,0.47,8.6,"Lake Superior"
"St. Louis","buried Quaternary",6,172000,65.03,3.19,470,8.81,8.2,"Lake Superior"
"St. Louis","buried Quaternary",23,82000,3.41,0.73,3530,0.45,7,"Lake Superior"
"St. Louis","buried Quaternary",13,165000,0.68,0.23,2210,0.02,7.9,"Lake Superior"
"St. Louis","Precambrian",2,159000,20.01,4.21,6020,0.05,8.1,"Lake Superior"
"St. Louis","surficial Quaternary",14,290000,1.59,2.51,2020,0.02,7.8,"Lake Superior"
"St. Louis","buried Quaternary",25,282000,1.14,2.95,16320,1.31,8.3,"Lake Superior"
"St. Louis","buried Quaternary",13,175000,1.13,4.3,510,0.17,8.1,"Lake Superior"
"St. Louis","buried Quaternary",15,383000,4.05,3.18,2740,0.29,7.77,"Lake Superior"
"St. Louis","buried Quaternary",6,140000,1.7,2.14,450,1.06,7.7,"Lake Superior"
"St. Louis","surficial Quaternary",6,217000,2.3,2.19,340,0.03,7.3,"Lake Superior"
"St. Louis","Precambrian",22,177000,770.86,1.18,5900,25.79,8.5,"Lake Superior"
"St. Louis","buried Quaternary",18,174000,1.28,4.69,11820,0.05,8.2,"Lake Superior"
"St. Louis","buried Quaternary",10,125000,6.4,0.79,680,0.25,7.69,"Lake Superior"
"St. Louis","surficial Quaternary",7,107000,18.15,0.76,460,0.07,7.96,"Lake Superior"
"St. Louis","surficial Quaternary",14,184000,2.39,2.62,1800,0.07,8.1,"Lake Superior"
"St. Louis","surficial Quaternary",10,150000,104.84,2.41,2840,1.05,7.99,"Lake Superior"
"St. Louis","Precambrian",12,119000,1334.41,0.2,1550,16.08,8.1,"Lake Superior"
"St. Louis","Precambrian",20,138000,11.93,2.1,470,0.74,8.47,"Lake Superior"
"St. Louis","buried Quaternary",20,105000,3.71,1.14,460,0.08,8.14,"Lake Superior"
"St. Louis","buried Quaternary",12,112000,1.88,0.94,4150,0.19,7.67,"Lake Superior"
"St. Louis","buried Quaternary",36,95000,2.71,2.36,670,0.04,8.4,"Lake Superior"
"St. Louis","Precambrian",6,175000,61.39,1.07,10650,0.24,8,"Lake Superior"
"St. Louis","Precambrian",5,160000,5.34,2.36,1850,0.22,7.83,"Lake Superior"
"St. Louis","surficial Quaternary",50,102000,692.83,1.63,1040,1.76,8.2,"Lake Superior"
"St. Louis","buried Quaternary",49,344000,3.3,7.35,930,2.04,6.8,"Upper Mississippi River"
"St. Louis","buried Quaternary",10,80000,2.61,3.2,1650,0.07,8.5,"Lake Superior"
"St. Louis","buried Quaternary",40,171000,2.58,1.5,10640,0.2,7.85,"Lake Superior"
"St. Louis","surficial Quaternary",25,106000,1.02,2.4,870,0.02,8.2,"Lake Superior"
"St. Louis","Precambrian",0,131000,2.04,0.96,3340,0.12,8,"Lake Superior"
"Stearns","buried Quaternary",30,426000,0.059,8.4,1980,0.34,7.01,"Upper Mississippi River"
"Stearns","buried Quaternary",20,308000,2.05,0.21,18220,0.29,6.91,"Upper Mississippi River"
"Stearns","buried Quaternary",22,247000,0.9,1.32,1480,0.08,7.62,"Upper Mississippi River"
"Stearns","surficial Quaternary",17,166000,0.93,5.22,10310,0.22,7.53,"Upper Mississippi River"
"Stearns","Precambrian",15,195000,15.31,0.43,580,1.47,7.35,"Upper Mississippi River"
"Stearns","buried Quaternary",20,348000,0.38,4.38,35340,1,6.8,"Upper Mississippi River"
"Stearns","buried Quaternary",18,253000,0.059,3.01,6200,0.08,7.04,"Upper Mississippi River"
"Stearns","buried Quaternary",33,319000,0.059,1.13,27290,0.1,6.89,"Upper Mississippi River"
"Stearns","Cretaceous",90,204000,5.58,0.46,1430,0.45,6.76,"Upper Mississippi River"
"Stearns","surficial Quaternary",12,310000,0.67,0.51,4060,0.95,7,"Upper Mississippi River"
"Stearns","buried Quaternary",24,302000,1.38,0.76,20660,0.47,7.16,"Upper Mississippi River"
"Stearns","surficial Quaternary",6,188000,0.38,3.19,3510,0.26,6.73,"Upper Mississippi River"
"Stearns","buried Quaternary",7,300000,1.46,0.74,11620,3.31,7.39,"Upper Mississippi River"
"Stearns","buried Quaternary",3,342000,1.09,1.6,9620,1.04,7.58,"Upper Mississippi River"
"Stearns","Cretaceous",3,289000,1.05,0.62,19330,1.4,6.87,"Upper Mississippi River"
"Stearns","buried Quaternary",3,314000,1.51,1.64,1550,0.27,7.21,"Upper Mississippi River"
"Stearns","surficial Quaternary",10,270000,0.65,1.14,6170,0.09,6.95,"Upper Mississippi River"
"Stearns","buried Quaternary",21,243000,1.75,0.65,2810,0.13,7.38,"Upper Mississippi River"
"Stearns","buried Quaternary",22,388000,0.059,2.84,10540,0.04,7.05,"Upper Mississippi River"
"Stearns","surficial Quaternary",30,260000,1.26,0.89,8610,0.27,7.27,"Upper Mississippi River"
"Stearns","Cretaceous",9,294000,617.04,0.09,32060,5.84,7.36,"Upper Mississippi River"
"Stearns","surficial Quaternary",3,340000,0.18,0.84,32240,0.08,7.14,"Upper Mississippi River"
"Stearns","buried Quaternary",28,468000,0.059,0.45,296800,0.66,6.81,"Upper Mississippi River"
"Stearns","Cretaceous",14,367000,0.17,3.47,830,0.05,7.15,"Upper Mississippi River"
"Stearns","buried Quaternary",15,335000,0.5,5.67,5150,0.74,7.08,"Upper Mississippi River"
"Stearns","surficial Quaternary",31,293000,0.25,1.83,16260,0.06,7.1,"Upper Mississippi River"
"Stearns","buried Quaternary",33,288000,0.059,5.51,1630,0.18,7.51,"Upper Mississippi River"
"Stearns","Cretaceous",30,346000,2.3,0.52,3090,0.6,7.31,"Upper Mississippi River"
"Stearns","buried Quaternary",20,344000,1.14,0.88,1140,0.34,7.3,"Upper Mississippi River"
"Stearns","buried Quaternary",10,257000,0.059,0.15,680,0.05,7.21,"Upper Mississippi River"
"Steele","buried Quaternary",18,487000,0.48,0.059,450,0.02,7.08,"Lower Mississippi River"
"Steele","Ordovician",151,215000,0.059,0.11,900,0.06,7.15,"Lower Mississippi River"
"Steele","Ordovician",48,317000,2.11,5.42,330,0.5,7.26,"Lower Mississippi River"
"Steele","Ordovician",65,407000,4.41,1.02,630,6.07,7.04,"Lower Mississippi River"
"Stevens","buried Quaternary",60,260000,3.09,51.38,12200,0.23,7.03,"Minnesota River"
"Stevens","buried Quaternary",33,310000,0.12,8.49,16730,0.23,7.1,"Minnesota River"
"Stevens","buried Quaternary",40,399000,0.3,19.94,8000,0.02,6.74,"Minnesota River"
"Stevens","buried Quaternary",55,391000,1.16,27.06,1790,0.02,7.08,"Minnesota River"
"Stevens","buried Quaternary",85,372000,0.79,40.44,1020,0.02,7.04,"Minnesota River"
"Stevens","buried Quaternary",25,419000,5.3,54.49,19850,0.89,6.76,"Minnesota River"
"Swift","buried Quaternary",6,393000,25.29,1.36,460,1.14,7.5,"Minnesota River"
"Swift","buried Quaternary",55,366000,173.74,2.65,4740,0.37,7.4,"Minnesota River"
"Swift","buried Quaternary",53,424000,0.059,25.64,550,0.14,6.9,"Minnesota River"
"Swift","buried Quaternary",14,386000,0.059,19.03,450,0.13,7.1,"Minnesota River"
"Swift","buried Quaternary",0,480000,2.42,11.54,11400,0.86,7.2,"Minnesota River"
"Todd","buried Quaternary",20,319000,0.68,6.13,58200,1.04,7,"Upper Mississippi River"
"Todd","buried Quaternary",26,330000,334.39,0.41,6300,0.73,7.1,"Upper Mississippi River"
"Todd","buried Quaternary",24,174000,1.84,0.2,35570,0.71,7.32,"Upper Mississippi River"
"Todd","buried Quaternary",41,178000,2.68,0.17,1740,0.34,7.48,"Upper Mississippi River"
"Todd","buried Quaternary",10,352000,0.88,4.08,3430,0.37,7.05,"Upper Mississippi River"
"Todd","buried Quaternary",13,515000,0.22,0.27,45210,0.52,6.72,"Upper Mississippi River"
"Todd","buried Quaternary",25,240000,23.18,2.12,2220,0.2,7.19,"Upper Mississippi River"
"Todd","buried Quaternary",155,259000,1.95,0.25,4470,0.27,7.21,"Upper Mississippi River"
"Todd","buried Quaternary",81,300000,0.059,10.06,5750,0.02,7.39,"Upper Mississippi River"
"Todd","buried Quaternary",15,323000,2.42,7.44,5950,0.95,7.2,"Upper Mississippi River"
"Todd","surficial Quaternary",60,339000,2.17,6.11,1040,0.41,7.11,"Upper Mississippi River"
"Todd","Precambrian",40,330000,1396.4,2.53,22500,3.7,7.74,"Upper Mississippi River"
"Todd","surficial Quaternary",20,362000,4.36,2.94,4480,0.49,7.13,"Upper Mississippi River"
"Todd","buried Quaternary",15,248000,2.15,1,3370,0.31,7.35,"Upper Mississippi River"
"Todd","buried Quaternary",32,374000,0.48,4.94,800,0.37,7.07,"Upper Mississippi River"
"Traverse","buried Quaternary",21,317000,3.12,1.6,185050,1.32,7.55,"Red River"
"Traverse","Cretaceous",10,534000,27.19,3.17,447280,5.03,7.56,"Red River"
"Traverse","buried Quaternary",64,403000,0.91,1.51,47610,0.8,6.93,"Red River"
"Traverse","buried Quaternary",30,354000,0.059,11.28,7630,0.32,6.95,"Red River"
"Traverse","buried Quaternary",8,326000,0.059,22.12,24320,0.3,7.22,"Red River"
"Traverse","buried Quaternary",70,383000,0.72,2.45,6900,0.19,7.35,"Minnesota River"
"Traverse","Cretaceous",57,353000,0.12,20.69,25040,0.22,7.48,"Red River"
"Wabasha","Cambrian",310,318000,2.23,0.75,22760,0.55,7.83,"Lower Mississippi River"
"Wabasha","Ordovician",226,309000,4.48,0.44,13750,1.1,7.24,"Lower Mississippi River"
"Wabasha","Cambrian",55,325000,3.73,0.059,720,0.15,7.25,"Lower Mississippi River"
"Wabasha","Cambrian",185,184000,0.82,0.5,500,1.47,7.34,"Lower Mississippi River"
"Wabasha","Cambrian",258,260000,0.059,0.059,950,0.3,6.35,"Lower Mississippi River"
"Wabasha","Cambrian",190,253000,1.8,0.059,380,0.21,7.3,"Lower Mississippi River"
"Wabasha","Cambrian",24,261000,0.059,0.21,3430,0.44,7.27,"Lower Mississippi River"
"Wabasha","Cambrian",194,239000,0.75,0.39,1080,0.57,7.29,"Lower Mississippi River"
"Wabasha","Cambrian",205,228000,0.059,0.17,1480,0.84,7.45,"Lower Mississippi River"
"Wabasha","Cambrian",237,261000,0.8,0.5,440,2.46,7.41,"Lower Mississippi River"
"Wadena","buried Quaternary",12,81000,2.72,0.81,1770,0.09,8,"Upper Mississippi River"
"Wadena","buried Quaternary",22,218000,1.37,0.7,9460,0.09,7.3,"Upper Mississippi River"
"Wadena","buried Quaternary",60,354000,1.4,1.95,670,0.21,7.2,"Upper Mississippi River"
"Wadena","buried Quaternary",17,321000,0.99,0.56,1680,0.05,7.3,"Upper Mississippi River"
"Wadena","buried Quaternary",20,219000,1.07,22.38,670,0.43,7.8,"Upper Mississippi River"
"Wadena","surficial Quaternary",16,300000,3.5,2.26,6030,162,7,"Upper Mississippi River"
"Waseca","Ordovician",92,396000,0.26,1.16,1160,0.04,6.88,"Minnesota River"
"Waseca","Ordovician",26,435000,1.12,18.94,1680,0.06,7.27,"Minnesota River"
"Washington","Ordovician",10,190000,15.38,0.059,3590,0.14,7.48,"Upper Mississippi River"
"Washington","Ordovician",90,192000,5.11,0.24,15480,0.31,7.48,"St. Croix River"
"Washington","Ordovician",80,195000,4.82,0.65,4010,0.14,7.52,"St. Croix River"
"Washington","Cambrian",70,223000,3.82,1.41,1430,0.27,7.43,"Upper Mississippi River"
"Washington","Ordovician",230,218000,4.02,0.12,9650,0.92,7.44,"Upper Mississippi River"
"Washington","Ordovician",80,242000,5.14,0.6,5850,0.19,7.34,"Upper Mississippi River"
"Watonwan","Cretaceous",10,446000,0.2,1.31,1650,0.1,6.92,"Minnesota River"
"Watonwan","Cretaceous",32,392000,1.3,0.59,4460,0.92,6.78,"Minnesota River"
"Watonwan","buried Quaternary",21,411000,0.2,8.79,720,0.02,6.94,"Minnesota River"
"Watonwan","buried Quaternary",31,277000,65.76,8.97,1460,3,7.21,"Minnesota River"
"Watonwan","buried Quaternary",11,376000,0.34,9.33,4020,0.11,6.82,"Minnesota River"
"Watonwan","buried Quaternary",49,379000,0.2,1.85,21330,0.18,6.71,"Minnesota River"
"Watonwan","buried Quaternary",40,367000,0.82,0.37,290,0.27,6.81,"Minnesota River"
"Watonwan","buried Quaternary",44,389000,0.67,0.3,2190,0.4,7.12,"Minnesota River"
"Wilkin","buried Quaternary",10,318000,1.83,11.48,9200,0.56,7.08,"Red River"
"Wilkin","surficial Quaternary",10,125000,0.82,10.2,8760,0.63,7.7,"Red River"
"Wilkin","Cretaceous",42,343000,29.9,1.59,46310,0.27,8.8,"Red River"
"Wilkin","buried Quaternary",-1,377000,1.33,33.04,5630,0.47,7.3,"Red River"
"Wilkin","buried Quaternary",11,345000,0.63,0.7,21550,0.14,7.34,"Red River"
"Wilkin","buried Quaternary",60,395000,0.77,0.54,9310,0.14,7.7,"Red River"
"Wilkin","Cretaceous",28,323000,2.12,2.05,85880,0.37,7.7,"Red River"
"Wilkin","buried Quaternary",5,345000,1.32,1.1,7740,0.07,7.4,"Red River"
"Wilkin","Cretaceous",30,466000,2.95,5.93,189280,0.11,8.2,"Red River"
"Wilkin","buried Quaternary",-1,386000,2.28,25.99,7650,0.06,7.32,"Red River"
"Winona","Cambrian",60,228000,1.55,0.07,410,0.81,7.3,"Lower Mississippi River"
"Winona","Cambrian",0,278000,2.21,0.059,280,1.21,7.38,"Lower Mississippi River"
"Winona","Cambrian",260,254000,2.86,0.26,5000,10.58,8.69,"Lower Mississippi River"
"Winona","Cambrian",130,282000,0.88,0.22,360,0.22,1.5,"Lower Mississippi River"
"Wright","buried Quaternary",60,219000,0.39,6.77,600,0.26,7.99,"Upper Mississippi River"
"Wright","buried Quaternary",20,282000,0.059,8.15,2600,0.04,7.34,"Upper Mississippi River"
"Wright","surficial Quaternary",10,266000,0.74,4.45,920,0.12,7.35,"Upper Mississippi River"
"Wright","buried Quaternary",17,283000,1.02,5.08,640,0.21,7.73,"Upper Mississippi River"
"Wright","buried Quaternary",92,489000,0.19,1.65,2460,0.24,6.89,"Upper Mississippi River"
"Wright","buried Quaternary",40,332000,0.34,6.12,2490,0.11,7.04,"Upper Mississippi River"
"Wright","buried Quaternary",90,365000,0.059,6.29,7570,0.14,7.04,"Upper Mississippi River"
"Wright","buried Quaternary",47,410000,0.059,7.59,2780,0.14,6.96,"Upper Mississippi River"
"Wright","Cambrian",26,399000,1.09,1.08,4690,0.15,7.17,"Upper Mississippi River"
"Wright","buried Quaternary",38,373000,0.1,24.57,6100,0.11,7.17,"Upper Mississippi River"
"Wright","buried Quaternary",45,413000,0.059,11.53,52400,0.07,6.86,"Upper Mississippi River"
"Wright","Cambrian",40,440000,0.059,4.49,630,0.09,7.17,"Upper Mississippi River"
"Wright","Cambrian",0,416000,0.059,15.62,560,0.07,7.38,"Upper Mississippi River"
"Wright","buried Quaternary",18,446000,0.059,2.17,580,0.09,7.13,"Upper Mississippi River"
"Wright","buried Quaternary",45,426000,0.059,56.12,820,12.07,7.19,"Upper Mississippi River"
"Wright","buried Quaternary",35,362000,0.059,1.51,680,0.41,7.14,"Upper Mississippi River"
"Wright","buried Quaternary",40,420000,0.059,0.65,740,0.13,7.2,"Upper Mississippi River"
"Yellow Medicine","buried Quaternary",17,411000,2.9,3.72,40380,210.29,7.1,"Minnesota River"
"Yellow Medicine","buried Quaternary",25,312000,2.38,10.49,900,0.17,7,"Minnesota River"
"Yellow Medicine","Precambrian",0,345000,1.41,1,13400,1.08,7.5,"Minnesota River"
"Yellow Medicine","buried Quaternary",42,352000,1.14,0.8,2560,0.15,7,"Minnesota River"
"Yellow Medicine","buried Quaternary",25,338000,1.15,13.98,3260,0.68,7.1,"Minnesota River"
"Yellow Medicine","buried Quaternary",30,335000,0.42,5.64,47450,0.12,7.2,"Minnesota River"
"Yellow Medicine","buried Quaternary",30,422000,1.01,7.41,51210,0.12,7,"Minnesota River"
